,fx,fy,fz,svm,rx,ry,rz
0,-0.6796875,-0.30859375,0.84765625,1.1294805524485028,18.310546875,51.6357421875,-4.7607421875
1,-0.67578125,-0.2265625,0.8828125,1.1346227454154365,25.634765625,50.6591796875,-4.21142578125
2,-0.66796875,-0.13671875,0.8515625,1.0908863180846917,32.958984375,49.98779296875,-3.96728515625
3,-0.69140625,-0.07421875,0.79296875,1.0546802661788963,37.353515625,48.76708984375,-4.150390625
4,-0.734375,-0.0234375,0.765625,1.061149187275875,39.12353515625,46.630859375,-4.33349609375
5,-0.75,-0.00390625,0.70703125,1.0307319958483996,39.00146484375,44.49462890625,-4.82177734375
6,-0.74609375,0.0,0.671875,1.0040278379676844,37.9638671875,43.212890625,-5.92041015625
7,-0.71875,0.00390625,0.609375,0.9423134891924568,35.82763671875,43.27392578125,-7.75146484375
8,-0.71875,0.01171875,0.625,0.9525565031018173,32.2265625,44.12841796875,-10.07080078125
9,-0.7109375,-0.01171875,0.58984375,0.9238425771861107,27.9541015625,44.86083984375,-12.6953125
10,-0.703125,-0.015625,0.59375,0.9204172796889463,22.8271484375,45.59326171875,-15.2587890625
11,-0.70703125,-0.0625,0.55859375,0.9032310977903856,18.1884765625,45.7763671875,-17.822265625
12,-0.7109375,-0.12109375,0.55078125,0.907444659770983,13.61083984375,45.2880859375,-19.83642578125
13,-0.68359375,-0.14453125,0.5234375,0.8730272124463676,10.43701171875,43.9453125,-21.17919921875
14,-0.66796875,-0.15625,0.51171875,0.8558343254264373,8.11767578125,42.1142578125,-21.8505859375
15,-0.625,-0.12890625,0.48046875,0.7988066355605873,6.2255859375,39.97802734375,-21.6064453125
16,-0.62890625,-0.15234375,0.46875,0.7990358264515585,3.84521484375,37.53662109375,-20.8740234375
17,-0.64453125,-0.16015625,0.4375,0.7952841043555599,2.38037109375,34.72900390625,-19.8974609375
18,-0.68359375,-0.109375,0.4296875,0.8147973081204383,1.8310546875,31.6162109375,-19.1650390625
19,-0.70703125,-0.08203125,0.39453125,0.813804166664,0.54931640625,28.6865234375,-18.49365234375
20,-0.83984375,-0.05859375,0.3984375,0.9314092512743123,-2.74658203125,25.7568359375,-17.76123046875
21,-0.88671875,-0.0703125,0.3671875,0.9623100588760686,-7.01904296875,23.3154296875,-17.02880859375
22,-0.890625,-0.10546875,0.39453125,0.9797915365413834,-12.39013671875,21.66748046875,-17.39501953125
23,-0.921875,-0.12890625,0.43359375,1.0268757845782153,-17.822265625,20.6298828125,-18.1884765625
24,-0.89453125,-0.21875,0.4921875,1.0441677331170565,-21.1181640625,19.59228515625,-19.1650390625
25,-0.859375,-0.26171875,0.55859375,1.057851157897757,-20.751953125,18.37158203125,-20.44677734375
26,-0.74609375,-0.30078125,0.6171875,1.013925862327653,-17.27294921875,17.39501953125,-21.54541015625
27,-0.6640625,-0.30078125,0.65625,0.9808732980144849,-12.26806640625,16.9677734375,-21.54541015625
28,-0.62890625,-0.3125,0.69921875,0.9910026143460092,-7.87353515625,16.78466796875,-20.01953125
29,-0.671875,-0.328125,0.734375,1.0480403961083753,-4.0283203125,16.11328125,-16.845703125
30,-0.72265625,-0.35546875,0.76171875,1.1085150165839828,0.06103515625,14.5263671875,-12.20703125
31,-0.7734375,-0.3984375,0.765625,1.1589390184291406,4.45556640625,12.39013671875,-6.9580078125
32,-0.77734375,-0.41796875,0.796875,1.1891051035403157,8.36181640625,10.19287109375,-2.01416015625
33,-0.76953125,-0.41796875,0.79296875,1.1813871758148078,11.16943359375,8.36181640625,2.25830078125
34,-0.7578125,-0.421875,0.7578125,1.151754351386397,13.3056640625,7.4462890625,5.7373046875
35,-0.7734375,-0.40234375,0.72265625,1.1323948583574437,14.892578125,7.38525390625,8.1787109375
36,-0.80859375,-0.3515625,0.671875,1.108528781570561,15.869140625,7.62939453125,10.19287109375
37,-0.83203125,-0.33203125,0.6328125,1.0968009902025868,16.17431640625,7.568359375,11.41357421875
38,-0.83984375,-0.30859375,0.6171875,1.0869627579219883,15.869140625,6.9580078125,12.26806640625
39,-0.84375,-0.28515625,0.62890625,1.0902986841701336,15.380859375,5.79833984375,12.6953125
40,-0.828125,-0.25390625,0.609375,1.0590549041664754,15.13671875,4.33349609375,12.51220703125
41,-0.8203125,-0.21875,0.59765625,1.038247154255822,14.6484375,3.11279296875,12.26806640625
42,-0.77734375,-0.21484375,0.60546875,1.008470896855575,13.85498046875,2.3193359375,11.8408203125
43,-0.73828125,-0.203125,0.61328125,0.9810366258851527,12.75634765625,2.13623046875,11.53564453125
44,-0.73046875,-0.1953125,0.63671875,0.988505100636499,11.41357421875,2.3193359375,11.16943359375
45,-0.69140625,-0.21875,0.6640625,0.9832970908862247,10.009765625,2.5634765625,10.7421875
46,-0.67578125,-0.22265625,0.671875,0.9786072343594364,8.60595703125,2.99072265625,10.07080078125
47,-0.65625,-0.2265625,0.66015625,0.9580192604119776,7.14111328125,3.23486328125,9.3994140625
48,-0.640625,-0.2421875,0.65234375,0.9458369542079187,6.04248046875,3.5400390625,8.544921875
49,-0.625,-0.234375,0.6640625,0.9415602182182773,5.18798828125,3.72314453125,7.87353515625
50,-0.61328125,-0.23046875,0.640625,0.9163133344839662,4.638671875,3.84521484375,7.2021484375
51,-0.625,-0.23046875,0.64453125,0.9269095840226947,4.33349609375,3.7841796875,6.40869140625
52,-0.63671875,-0.2421875,0.60546875,0.911404388284572,3.90625,3.60107421875,5.55419921875
53,-0.60546875,-0.25,0.6171875,0.9000071207400597,3.0517578125,3.173828125,4.39453125
54,-0.6015625,-0.25,0.58984375,0.8788020771597621,2.3193359375,2.50244140625,3.11279296875
55,-0.58984375,-0.25,0.61328125,0.8868650072111454,1.77001953125,1.8310546875,1.8310546875
56,-0.58203125,-0.25390625,0.60546875,0.8773945332586632,1.5869140625,0.8544921875,0.6103515625
57,-0.59765625,-0.24609375,0.6171875,0.8936864870352326,1.77001953125,0.0,-0.30517578125
58,-0.578125,-0.23828125,0.60546875,0.8704015607483279,2.44140625,-0.8544921875,-0.8544921875
59,-0.58984375,-0.24609375,0.609375,0.8830717263213249,3.47900390625,-1.40380859375,-1.15966796875
60,-0.57421875,-0.22265625,0.63671875,0.8858406996278663,4.638671875,-2.01416015625,-1.3427734375
61,-0.5625,-0.2265625,0.625,0.8708397191253107,5.4931640625,-2.3193359375,-1.52587890625
62,-0.546875,-0.21875,0.62890625,0.8616535843446962,6.04248046875,-2.38037109375,-1.89208984375
63,-0.5625,-0.23046875,0.6484375,0.8888156648781639,6.28662109375,-2.13623046875,-2.13623046875
64,-0.60546875,-0.19921875,0.63671875,0.9009391123598128,6.40869140625,-1.64794921875,-2.5634765625
65,-0.609375,-0.20703125,0.64453125,0.9108349802945235,6.34765625,-1.15966796875,-3.11279296875
66,-0.63671875,-0.203125,0.66015625,0.9394023667420819,6.40869140625,-0.54931640625,-3.662109375
67,-0.64453125,-0.1875,0.63671875,0.9251959515843793,6.8359375,0.06103515625,-4.08935546875
68,-0.66015625,-0.1875,0.65625,0.9495401976293908,7.32421875,0.54931640625,-4.33349609375
69,-0.66796875,-0.17578125,0.66015625,0.9554515022973105,7.99560546875,0.79345703125,-4.21142578125
70,-0.67578125,-0.16796875,0.68359375,0.9758043932403602,8.48388671875,0.67138671875,-4.08935546875
71,-0.69140625,-0.16015625,0.68359375,0.9853897919058161,8.9111328125,0.48828125,-3.7841796875
72,-0.6875,-0.15625,0.703125,0.9957183728971761,9.21630859375,0.06103515625,-3.47900390625
73,-0.71875,-0.15234375,0.72265625,1.0305543344861177,9.33837890625,-0.48828125,-2.9296875
74,-0.71875,-0.12890625,0.72265625,1.0273511763039573,9.27734375,-0.732421875,-2.44140625
75,-0.73828125,-0.13671875,0.7265625,1.0448178248428646,9.033203125,-1.03759765625,-2.13623046875
76,-0.734375,-0.14453125,0.72265625,1.040397990441939,8.544921875,-1.0986328125,-1.89208984375
77,-0.73828125,-0.13671875,0.7265625,1.0448178248428646,7.87353515625,-0.9765625,-1.64794921875
78,-0.73828125,-0.13671875,0.73046875,1.0475379780369243,7.080078125,-0.91552734375,-1.52587890625
79,-0.71875,-0.140625,0.7109375,1.0206904927700904,6.2255859375,-0.732421875,-1.40380859375
80,-0.73046875,-0.12890625,0.71484375,1.0301470782998357,5.4931640625,-0.48828125,-1.28173828125
81,-0.72265625,-0.14453125,0.71484375,1.0267048869099082,4.69970703125,-0.244140625,-1.3427734375
82,-0.72265625,-0.13671875,0.70703125,1.0202045190755564,4.21142578125,0.06103515625,-1.3427734375
83,-0.71875,-0.15234375,0.703125,1.016953758186213,3.72314453125,0.3662109375,-1.15966796875
84,-0.703125,-0.1484375,0.703125,1.0053871009000712,3.35693359375,0.42724609375,-1.0986328125
85,-0.71484375,-0.16015625,0.7421875,1.0428297543148521,2.99072265625,0.30517578125,-0.91552734375
86,-0.7109375,-0.14453125,0.70703125,1.013022506960914,2.74658203125,0.06103515625,-0.8544921875
87,-0.7265625,-0.14453125,0.70703125,1.0240486009508412,2.685546875,-0.42724609375,-0.79345703125
88,-0.7109375,-0.14453125,0.6953125,1.0048785418094381,2.99072265625,-0.9765625,-0.91552734375
89,-0.70703125,-0.140625,0.703125,1.0070021572601335,3.60107421875,-1.52587890625,-0.79345703125
90,-0.703125,-0.12109375,0.69921875,0.9989771380094867,4.21142578125,-2.197265625,-0.91552734375
91,-0.69921875,-0.11328125,0.6875,0.9871148625935712,4.8828125,-2.74658203125,-0.8544921875
92,-0.70703125,-0.06640625,0.71484375,1.0076232259280686,5.37109375,-3.173828125,-0.8544921875
93,-0.69140625,-0.0703125,0.6953125,0.9830798150972089,5.4931640625,-3.47900390625,-0.91552734375
94,-0.69140625,-0.0546875,0.6875,0.9765703124687503,5.4931640625,-3.90625,-0.8544921875
95,-0.703125,-0.046875,0.69921875,0.992717931540255,5.37109375,-4.2724609375,-0.91552734375
96,-0.69921875,-0.03515625,0.6953125,0.9867128735969116,5.2490234375,-4.69970703125,-0.9765625
97,-0.6953125,-0.046875,0.70703125,0.9927486725036768,5.06591796875,-5.06591796875,-0.91552734375
98,-0.69140625,-0.046875,0.703125,0.987230790539407,4.7607421875,-5.2490234375,-0.8544921875
99,-0.69140625,-0.04296875,0.703125,0.9870530287885373,4.57763671875,-5.37109375,-0.79345703125
100,-0.6953125,-0.06640625,0.703125,0.991087296013985,4.5166015625,-5.4931640625,-0.79345703125
101,-0.6875,-0.07421875,0.7109375,0.9917644890586739,4.39453125,-5.67626953125,-0.8544921875
102,-0.6953125,-0.0859375,0.7265625,1.009325414803744,4.2724609375,-5.67626953125,-1.03759765625
103,-0.69140625,-0.1015625,0.71484375,0.9996795140740732,3.90625,-5.55419921875,-1.3427734375
104,-0.6796875,-0.1015625,0.71875,0.9944302899462083,3.72314453125,-5.37109375,-1.64794921875
105,-0.69921875,-0.109375,0.70703125,1.0003813969947286,3.60107421875,-5.06591796875,-1.89208984375
106,-0.69140625,-0.09765625,0.703125,0.9909410231331253,3.60107421875,-4.82177734375,-2.0751953125
107,-0.671875,-0.10546875,0.7109375,0.9838555797259131,3.60107421875,-4.57763671875,-2.13623046875
108,-0.66796875,-0.0859375,0.6953125,0.9680015379838312,3.47900390625,-4.33349609375,-2.01416015625
109,-0.66796875,-0.10546875,0.703125,0.9755463463250349,3.2958984375,-4.33349609375,-1.8310546875
110,-0.66015625,-0.08984375,0.70703125,0.9714789561821129,3.0517578125,-4.39453125,-1.46484375
111,-0.66015625,-0.09375,0.71875,0.9804064970276678,2.685546875,-4.5166015625,-1.3427734375
112,-0.671875,-0.08984375,0.73828125,1.0022709808932038,2.3193359375,-4.7607421875,-1.220703125
113,-0.6640625,-0.09765625,0.71875,0.9834212269268507,1.953125,-5.0048828125,-1.0986328125
114,-0.66796875,-0.109375,0.73046875,0.9958562829686445,1.52587890625,-5.06591796875,-1.03759765625
115,-0.6640625,-0.11328125,0.7421875,1.002324264229926,1.15966796875,-5.2490234375,-1.03759765625
116,-0.65234375,-0.12890625,0.71875,0.9791683981589301,1.03759765625,-5.2490234375,-1.0986328125
117,-0.6640625,-0.13671875,0.74609375,1.0081304004427578,0.8544921875,-5.2490234375,-1.220703125
118,-0.671875,-0.1328125,0.72265625,0.9956340851162703,1.03759765625,-5.18798828125,-1.3427734375
119,-0.671875,-0.14453125,0.7421875,1.0115075793130828,1.28173828125,-5.18798828125,-1.46484375
120,-0.6640625,-0.16015625,0.72265625,0.9944149455757264,1.708984375,-5.126953125,-1.77001953125
121,-0.66015625,-0.16015625,0.72265625,0.9918106444741291,2.13623046875,-4.8828125,-1.953125
122,-0.66796875,-0.1484375,0.7109375,0.9867360697213123,2.5634765625,-4.69970703125,-2.13623046875
123,-0.6640625,-0.13671875,0.734375,0.9994886998524858,2.8076171875,-4.39453125,-2.3193359375
124,-0.64453125,-0.15234375,0.70703125,0.9687736262239943,3.11279296875,-4.150390625,-2.38037109375
125,-0.6484375,-0.15625,0.71484375,0.9776946562298029,3.2958984375,-4.0283203125,-2.5634765625
126,-0.65234375,-0.15234375,0.70703125,0.9739887960365291,3.5400390625,-3.96728515625,-2.86865234375
127,-0.6328125,-0.16015625,0.70703125,0.9622862739574305,3.72314453125,-4.0283203125,-3.0517578125
128,-0.6484375,-0.1484375,0.71875,0.9793398007395084,3.84521484375,-3.84521484375,-3.173828125
129,-0.625,-0.16015625,0.734375,0.9775385747064218,3.96728515625,-3.84521484375,-3.23486328125
130,-0.6484375,-0.16796875,0.7265625,0.9882194891769047,4.08935546875,-3.84521484375,-3.173828125
131,-0.64453125,-0.171875,0.71875,0.9805932440882725,4.21142578125,-3.7841796875,-3.173828125
132,-0.63671875,-0.171875,0.6953125,0.9583377561605368,4.33349609375,-3.84521484375,-3.35693359375
133,-0.65234375,-0.16015625,0.703125,0.9724130594573095,4.45556640625,-3.84521484375,-3.60107421875
134,-0.640625,-0.16796875,0.68359375,0.9517953071121044,4.638671875,-3.7841796875,-3.72314453125
135,-0.64453125,-0.171875,0.6875,0.9579236910378417,4.82177734375,-3.72314453125,-3.84521484375
136,-0.63671875,-0.17578125,0.7109375,0.9704338943788882,4.82177734375,-3.662109375,-4.08935546875
137,-0.640625,-0.16796875,0.6953125,0.9602465122341307,5.0048828125,-3.662109375,-4.2724609375
138,-0.6484375,-0.18359375,0.71484375,0.9824354652390024,4.94384765625,-3.60107421875,-4.638671875
139,-0.640625,-0.1953125,0.70703125,0.9738791258456115,4.82177734375,-3.47900390625,-4.69970703125
140,-0.65625,-0.18359375,0.734375,1.0018369968034033,4.57763671875,-3.35693359375,-4.69970703125
141,-0.65625,-0.1796875,0.7109375,0.984064931324402,4.39453125,-2.99072265625,-4.638671875
142,-0.6328125,-0.1875,0.71484375,0.972938588540054,4.21142578125,-2.74658203125,-4.5166015625
143,-0.6328125,-0.18359375,0.71875,0.975069170723448,4.08935546875,-2.44140625,-4.39453125
144,-0.63671875,-0.18359375,0.70703125,0.9690256034373846,3.90625,-2.0751953125,-4.21142578125
145,-0.6484375,-0.18359375,0.70703125,0.9767656038793928,3.662109375,-1.708984375,-4.0283203125
146,-0.6484375,-0.18359375,0.703125,0.9739417960383016,3.5400390625,-1.3427734375,-3.7841796875
147,-0.62890625,-0.1953125,0.73046875,0.9834910465641642,3.60107421875,-1.03759765625,-3.60107421875
148,-0.62890625,-0.19140625,0.69921875,0.959721982753176,3.72314453125,-0.91552734375,-3.35693359375
149,-0.63671875,-0.1796875,0.71484375,0.9740122951851661,3.90625,-0.9765625,-3.23486328125
150,-0.63671875,-0.18359375,0.73046875,0.9862565722808581,4.08935546875,-0.91552734375,-3.0517578125
151,-0.63671875,-0.1875,0.69921875,0.9640922554160078,4.21142578125,-1.03759765625,-2.9296875
152,-0.62890625,-0.18359375,0.7109375,0.966779119155133,4.33349609375,-1.28173828125,-2.8076171875
153,-0.640625,-0.18359375,0.7109375,0.9744430124795972,4.45556640625,-1.40380859375,-2.685546875
154,-0.63671875,-0.171875,0.7265625,0.9812465789152146,4.45556640625,-1.5869140625,-2.62451171875
155,-0.63671875,-0.16796875,0.7265625,0.9805699026506856,4.5166015625,-1.5869140625,-2.62451171875
156,-0.6328125,-0.16015625,0.70703125,0.9622862739574305,4.45556640625,-1.46484375,-2.50244140625
157,-0.63671875,-0.17578125,0.7109375,0.9704338943788882,4.45556640625,-1.40380859375,-2.44140625
158,-0.63671875,-0.15625,0.71875,0.9728444847978337,4.5166015625,-1.3427734375,-2.50244140625
159,-0.6484375,-0.16015625,0.73046875,0.9898008943958755,4.33349609375,-1.28173828125,-2.50244140625
160,-0.625,-0.1640625,0.7265625,0.9723345979201296,4.150390625,-1.0986328125,-2.50244140625
161,-0.6640625,-0.171875,0.69921875,0.9795033843141189,4.0283203125,-1.03759765625,-2.38037109375
162,-0.6328125,-0.171875,0.7265625,0.9787163747416817,3.96728515625,-0.8544921875,-2.38037109375
163,-0.640625,-0.1796875,0.72265625,0.9823034378160918,4.0283203125,-0.79345703125,-2.50244140625
164,-0.64453125,-0.17578125,0.73046875,0.989901093445546,4.21142578125,-0.79345703125,-2.62451171875
165,-0.640625,-0.1875,0.73828125,0.995296862612639,4.2724609375,-0.732421875,-2.62451171875
166,-0.640625,-0.19140625,0.7265625,0.9873853399612091,4.2724609375,-0.732421875,-2.62451171875
167,-0.62890625,-0.171875,0.7265625,0.9761952434427821,4.21142578125,-0.6103515625,-2.62451171875
168,-0.65234375,-0.15625,0.7109375,0.9774449138290672,4.0283203125,-0.3662109375,-2.5634765625
169,-0.63671875,-0.171875,0.71875,0.9754759580464105,3.662109375,-0.244140625,-2.3193359375
170,-0.6484375,-0.15625,0.71875,0.9805543413836124,3.47900390625,-0.06103515625,-2.197265625
171,-0.64453125,-0.18359375,0.71484375,0.97986161481083,3.41796875,0.06103515625,-2.01416015625
172,-0.62890625,-0.171875,0.7265625,0.9761952434427821,3.47900390625,0.1220703125,-1.8310546875
173,-0.6328125,-0.16796875,0.71875,0.9722482829158469,3.60107421875,0.42724609375,-1.46484375
174,-0.62109375,-0.16796875,0.734375,0.9763593538706049,3.60107421875,0.67138671875,-1.28173828125
175,-0.6484375,-0.15625,0.70703125,0.9719971411392178,3.662109375,0.9765625,-1.03759765625
176,-0.63671875,-0.15625,0.71484375,0.9699620693695321,3.7841796875,1.28173828125,-1.0986328125
177,-0.63671875,-0.16015625,0.69921875,0.9591494416237688,3.7841796875,1.5869140625,-0.9765625
178,-0.63671875,-0.16015625,0.71875,0.9734795085237413,3.84521484375,1.77001953125,-0.91552734375
179,-0.64453125,-0.15625,0.70703125,0.9693955762242393,3.7841796875,1.8310546875,-0.9765625
180,-0.63671875,-0.14453125,0.7265625,0.9768280888848226,3.72314453125,1.953125,-0.91552734375
181,-0.62890625,-0.140625,0.71875,0.9653496902232178,3.47900390625,2.01416015625,-0.9765625
182,-0.6484375,-0.1484375,0.71875,0.9793398007395084,3.41796875,2.01416015625,-0.8544921875
183,-0.640625,-0.15625,0.734375,0.9869757310846098,3.23486328125,1.953125,-0.732421875
184,-0.6328125,-0.140625,0.71875,0.9678990718464658,3.11279296875,1.89208984375,-0.91552734375
185,-0.640625,-0.16015625,0.71484375,0.9731659683492456,3.173828125,1.708984375,-0.91552734375
186,-0.65234375,-0.16015625,0.734375,0.995243203042917,3.11279296875,1.64794921875,-0.79345703125
187,-0.65234375,-0.15234375,0.7265625,0.9882580901436502,3.23486328125,1.64794921875,-1.03759765625
188,-0.65625,-0.16015625,0.71484375,0.9835220759231208,3.23486328125,1.77001953125,-1.220703125
189,-0.65625,-0.16796875,0.7109375,0.9819927150355101,3.2958984375,2.13623046875,-1.3427734375
190,-0.65625,-0.15234375,0.703125,0.9737851129941669,3.5400390625,2.25830078125,-1.52587890625
191,-0.6640625,-0.15625,0.71484375,0.988126840704326,3.7841796875,2.25830078125,-1.77001953125
192,-0.6484375,-0.140625,0.69921875,0.9639260564912707,3.90625,2.13623046875,-1.708984375
193,-0.65234375,-0.1484375,0.72265625,0.9847934378509917,4.0283203125,2.0751953125,-1.52587890625
194,-0.65625,-0.14453125,0.71484375,0.9810988388743639,4.0283203125,1.89208984375,-1.46484375
195,-0.66015625,-0.140625,0.71484375,0.9831496589803228,4.08935546875,1.77001953125,-1.28173828125
196,-0.6484375,-0.140625,0.703125,0.9667633359081477,4.150390625,1.708984375,-1.220703125
197,-0.65625,-0.15234375,0.70703125,0.976609373875054,4.0283203125,1.708984375,-1.15966796875
198,-0.63671875,-0.14453125,0.703125,0.9595232224668275,3.84521484375,1.708984375,-1.220703125
199,-0.66015625,-0.13671875,0.70703125,0.9769296184946935,3.72314453125,1.708984375,-1.220703125
200,-0.66015625,-0.1484375,0.71484375,0.9842974919882581,3.5400390625,1.77001953125,-1.28173828125
201,-0.6484375,-0.14453125,0.69921875,0.9645036723540118,3.41796875,1.8310546875,-1.3427734375
202,-0.65625,-0.14453125,0.71484375,0.9810988388743639,3.2958984375,1.8310546875,-1.52587890625
203,-0.65625,-0.16015625,0.73046875,0.99493652141261,3.11279296875,1.8310546875,-1.77001953125
204,-0.66015625,-0.16015625,0.70703125,0.9804843126254941,2.9296875,1.953125,-1.953125
205,-0.64453125,-0.16015625,0.69140625,0.9587038954649593,2.8076171875,2.197265625,-2.0751953125
206,-0.65625,-0.15234375,0.72265625,0.9879801295208953,2.74658203125,2.3193359375,-2.3193359375
207,-0.6484375,-0.140625,0.69921875,0.9639260564912707,2.74658203125,2.3193359375,-2.3193359375
208,-0.65234375,-0.14453125,0.7265625,0.9870839461752354,2.74658203125,2.13623046875,-2.197265625
209,-0.6484375,-0.1484375,0.70703125,0.9707718945710483,2.86865234375,1.8310546875,-1.953125
210,-0.64453125,-0.1328125,0.71484375,0.971628158966626,2.99072265625,1.46484375,-1.89208984375
211,-0.65625,-0.140625,0.69140625,0.9635777372189867,3.2958984375,1.3427734375,-1.64794921875
212,-0.65234375,-0.16015625,0.7109375,0.9780769506968126,3.41796875,1.220703125,-1.46484375
213,-0.65625,-0.1484375,0.6875,0.961953223346255,3.5400390625,0.9765625,-1.40380859375
214,-0.640625,-0.15625,0.7265625,0.981176599563631,3.662109375,0.8544921875,-1.3427734375
215,-0.66015625,-0.140625,0.69921875,0.9718479950026264,3.7841796875,0.732421875,-1.40380859375
216,-0.67578125,-0.15234375,0.69140625,0.9787397603830589,3.84521484375,0.6103515625,-1.46484375
217,-0.65234375,-0.15625,0.6875,0.9605324984944874,3.90625,0.48828125,-1.46484375
218,-0.640625,-0.15625,0.70703125,0.96680279354249,3.90625,0.42724609375,-1.5869140625
219,-0.640625,-0.1484375,0.70703125,0.9655709557084929,4.0283203125,0.30517578125,-1.52587890625
220,-0.640625,-0.15234375,0.71875,0.9747874492878242,3.84521484375,0.1220703125,-1.46484375
221,-0.65234375,-0.1640625,0.7109375,0.9787241700175604,3.7841796875,0.1220703125,-1.5869140625
222,-0.65234375,-0.16015625,0.70703125,0.9752412937600046,3.72314453125,0.1220703125,-1.64794921875
223,-0.6484375,-0.1640625,0.70703125,0.9732835577513177,3.662109375,0.0,-1.64794921875
224,-0.65234375,-0.14453125,0.70703125,0.9727974295130448,3.7841796875,0.1220703125,-1.708984375
225,-0.6484375,-0.15625,0.6953125,0.9635064745825531,3.90625,0.1220703125,-1.708984375
226,-0.64453125,-0.16796875,0.71875,0.9799161166666895,4.150390625,0.1220703125,-1.64794921875
227,-0.66015625,-0.1640625,0.7109375,0.9839486303799414,4.39453125,-0.06103515625,-1.708984375
228,-0.64453125,-0.15625,0.71875,0.9779755401985075,4.45556640625,-0.244140625,-1.5869140625
229,-0.6484375,-0.15234375,0.71484375,0.9770779889468266,4.638671875,-0.3662109375,-1.52587890625
230,-0.6484375,-0.15234375,0.7109375,0.9742237620159767,4.5166015625,-0.54931640625,-1.52587890625
231,-0.640625,-0.15625,0.703125,0.9639498009491988,4.45556640625,-0.732421875,-1.40380859375
232,-0.63671875,-0.1640625,0.7109375,0.9683797805685859,4.39453125,-0.8544921875,-1.40380859375
233,-0.65234375,-0.15625,0.69140625,0.9633322548337749,4.39453125,-0.91552734375,-1.46484375
234,-0.63671875,-0.15234375,0.6953125,0.955028197186803,4.39453125,-1.03759765625,-1.3427734375
235,-0.63671875,-0.15625,0.7109375,0.9670868409857578,4.33349609375,-1.220703125,-1.40380859375
236,-0.640625,-0.16015625,0.71484375,0.9731659683492456,4.5166015625,-1.3427734375,-1.28173828125
237,-0.6484375,-0.1640625,0.70703125,0.9732835577513177,4.45556640625,-1.5869140625,-1.46484375
238,-0.6640625,-0.18359375,0.71875,0.9956340851162703,4.45556640625,-1.64794921875,-1.5869140625
239,-0.65234375,-0.16015625,0.703125,0.9724130594573095,4.5166015625,-1.64794921875,-1.5869140625
240,-0.6484375,-0.16796875,0.70703125,0.9739496295288453,4.5166015625,-1.52587890625,-1.64794921875
241,-0.640625,-0.16015625,0.70703125,0.9674417830110632,4.39453125,-1.28173828125,-1.5869140625
242,-0.65234375,-0.1640625,0.703125,0.9730640460397828,4.33349609375,-1.0986328125,-1.5869140625
243,-0.640625,-0.1640625,0.71484375,0.9738164516197663,4.2724609375,-0.91552734375,-1.52587890625
244,-0.6484375,-0.171875,0.71484375,0.9803131101568072,4.33349609375,-0.9765625,-1.5869140625
245,-0.6484375,-0.1640625,0.71875,0.9818295462107972,4.39453125,-1.03759765625,-1.52587890625
246,-0.6484375,-0.17578125,0.703125,0.9724993598367109,4.45556640625,-1.0986328125,-1.5869140625
247,-0.64453125,-0.17578125,0.69921875,0.9670710627609987,4.57763671875,-0.9765625,-1.77001953125
248,-0.65625,-0.1484375,0.70703125,0.9760076548792087,4.69970703125,-0.91552734375,-1.8310546875
249,-0.66015625,-0.1484375,0.703125,0.9758200302542024,4.82177734375,-0.91552734375,-1.953125
250,-0.6484375,-0.1640625,0.71484375,0.9789735860719443,4.82177734375,-0.79345703125,-1.89208984375
251,-0.65234375,-0.16015625,0.71484375,0.980919965895377,4.8828125,-0.8544921875,-1.953125
252,-0.66796875,-0.1640625,0.7109375,0.9892071996245592,4.8828125,-0.8544921875,-1.8310546875
253,-0.65234375,-0.140625,0.71484375,0.9779209301897188,4.82177734375,-0.8544921875,-1.708984375
254,-0.6484375,-0.15234375,0.73046875,0.9885668436159869,4.638671875,-0.79345703125,-1.5869140625
255,-0.6328125,-0.17578125,0.71484375,0.970748316981222,4.5166015625,-0.79345703125,-1.5869140625
256,-0.6484375,-0.1640625,0.703125,0.9704496179284631,4.39453125,-0.79345703125,-1.40380859375
257,-0.65625,-0.1640625,0.71484375,0.9841657143592804,4.39453125,-0.8544921875,-1.40380859375
258,-0.63671875,-0.15625,0.7109375,0.9670868409857578,4.45556640625,-0.9765625,-1.40380859375
259,-0.65625,-0.1796875,0.7109375,0.984064931324402,4.5166015625,-1.15966796875,-1.28173828125
260,-0.65234375,-0.16796875,0.7109375,0.979386541691724,4.57763671875,-1.220703125,-1.3427734375
261,-0.65234375,-0.16015625,0.7109375,0.9780769506968126,4.638671875,-1.28173828125,-1.40380859375
262,-0.6484375,-0.1640625,0.703125,0.9704496179284631,4.69970703125,-1.220703125,-1.52587890625
263,-0.6484375,-0.15625,0.71875,0.9805543413836124,4.69970703125,-1.15966796875,-1.5869140625
264,-0.65234375,-0.15234375,0.703125,0.9711569141766561,4.69970703125,-1.0986328125,-1.77001953125
265,-0.6484375,-0.14453125,0.71875,0.978755350500222,4.69970703125,-1.0986328125,-1.708984375
266,-0.64453125,-0.16015625,0.72265625,0.9814798073850972,4.57763671875,-0.9765625,-1.64794921875
267,-0.65234375,-0.1484375,0.71484375,0.9790748931947826,4.45556640625,-1.15966796875,-1.52587890625
268,-0.640625,-0.15234375,0.71875,0.9747874492878242,4.57763671875,-1.03759765625,-1.52587890625
269,-0.6484375,-0.15625,0.71484375,0.9776946562298029,4.638671875,-1.15966796875,-1.220703125
270,-0.63671875,-0.16015625,0.703125,0.9620008090644336,4.69970703125,-1.15966796875,-1.220703125
271,-0.63671875,-0.16796875,0.7109375,0.9690492229419386,4.69970703125,-1.3427734375,-1.0986328125
272,-0.63671875,-0.15625,0.71875,0.9728444847978337,4.638671875,-1.46484375,-0.9765625
273,-0.6484375,-0.15625,0.73046875,0.9891763486016093,4.5166015625,-1.46484375,-1.03759765625
274,-0.64453125,-0.15234375,0.73046875,0.9860089984970662,4.5166015625,-1.40380859375,-1.0986328125
275,-0.65234375,-0.15234375,0.71875,0.9825286503853844,4.45556640625,-1.28173828125,-1.220703125
276,-0.63671875,-0.15234375,0.71875,0.9722247411301694,4.39453125,-1.220703125,-1.3427734375
277,-0.640625,-0.15625,0.7265625,0.981176599563631,4.45556640625,-1.0986328125,-1.28173828125
278,-0.64453125,-0.14453125,0.7421875,0.9935552826135922,4.39453125,-0.9765625,-1.3427734375
279,-0.64453125,-0.1484375,0.7109375,0.9710233532408283,4.33349609375,-0.8544921875,-1.3427734375
280,-0.64453125,-0.140625,0.71484375,0.9727268423178344,4.150390625,-0.79345703125,-1.220703125
281,-0.6484375,-0.1171875,0.71484375,0.9722168937415985,3.90625,-0.79345703125,-1.15966796875
282,-0.63671875,-0.1484375,0.7265625,0.9774136915421547,3.7841796875,-0.732421875,-1.0986328125
283,-0.63671875,-0.140625,0.71875,0.970457479607717,3.72314453125,-0.732421875,-1.03759765625
284,-0.640625,-0.14453125,0.70703125,0.964978166244255,3.60107421875,-0.79345703125,-0.9765625
285,-0.62890625,-0.15625,0.72265625,0.9706540008948219,3.60107421875,-0.8544921875,-0.9765625
286,-0.640625,-0.15234375,0.7265625,0.9805621220480182,3.47900390625,-0.91552734375,-0.91552734375
287,-0.64453125,-0.1640625,0.7265625,0.9850025901179461,3.47900390625,-0.9765625,-1.0986328125
288,-0.62890625,-0.16015625,0.734375,0.9800406809557065,3.47900390625,-1.03759765625,-1.15966796875
289,-0.62109375,-0.1484375,0.73828125,0.9761405338356127,3.47900390625,-1.03759765625,-1.220703125
290,-0.6328125,-0.1484375,0.73046875,0.977788293184707,3.5400390625,-1.03759765625,-1.28173828125
291,-0.6328125,-0.1640625,0.73828125,0.9861173196755356,3.60107421875,-0.9765625,-1.220703125
292,-0.6328125,-0.1796875,0.73828125,0.988836923822155,3.662109375,-0.91552734375,-1.28173828125
293,-0.64453125,-0.16015625,0.72265625,0.9814798073850972,3.7841796875,-0.91552734375,-1.3427734375
294,-0.63671875,-0.15625,0.74609375,0.9932173543039937,3.84521484375,-0.79345703125,-1.40380859375
295,-0.64453125,-0.17578125,0.73828125,0.9956800611540273,3.96728515625,-0.54931640625,-1.3427734375
296,-0.63671875,-0.16796875,0.71875,0.9747952759826676,4.0283203125,-0.244140625,-1.3427734375
297,-0.6328125,-0.16015625,0.7265625,0.9767265487210648,4.2724609375,0.0,-1.40380859375
298,-0.6328125,-0.16015625,0.72265625,0.9738242861185867,4.45556640625,0.244140625,-1.46484375
299,-0.640625,-0.16015625,0.72265625,0.9789190317401767,4.5166015625,0.3662109375,-1.46484375
300,-0.63671875,-0.15625,0.72265625,0.97573402357693,4.57763671875,0.30517578125,-1.3427734375
301,-0.62109375,-0.16796875,0.71484375,0.9617549241775097,4.638671875,0.244140625,-1.40380859375
302,-0.6484375,-0.1484375,0.7265625,0.9850877875695901,4.638671875,0.06103515625,-1.28173828125
303,-0.62890625,-0.15234375,0.703125,0.9555712715847652,4.638671875,-0.18310546875,-1.15966796875
304,-0.6328125,-0.15234375,0.7109375,0.9638943963041607,4.638671875,-0.3662109375,-1.0986328125
305,-0.63671875,-0.1640625,0.7265625,0.9799083308728743,4.69970703125,-0.54931640625,-0.9765625
306,-0.62109375,-0.14453125,0.734375,0.9726013413216255,4.638671875,-0.732421875,-0.91552734375
307,-0.63671875,-0.15234375,0.70703125,0.9635935726447056,4.57763671875,-0.9765625,-0.8544921875
308,-0.62109375,-0.16796875,0.734375,0.9763593538706049,4.45556640625,-1.03759765625,-0.8544921875
309,-0.64453125,-0.1640625,0.7265625,0.9850025901179461,4.39453125,-1.15966796875,-0.8544921875
310,-0.6328125,-0.16796875,0.71875,0.9722482829158469,4.5166015625,-1.0986328125,-0.9765625
311,-0.63671875,-0.16796875,0.703125,0.9633322548337749,4.638671875,-1.03759765625,-1.15966796875
312,-0.6328125,-0.1640625,0.7109375,0.9658158690810325,4.82177734375,-0.79345703125,-1.28173828125
313,-0.6328125,-0.16015625,0.7265625,0.9767265487210648,4.94384765625,-0.6103515625,-1.40380859375
314,-0.64453125,-0.17578125,0.71484375,0.9784279058735945,4.94384765625,-0.48828125,-1.5869140625
315,-0.6328125,-0.15625,0.7265625,0.9760936374459676,4.82177734375,-0.30517578125,-1.5869140625
316,-0.64453125,-0.16015625,0.71484375,0.9757418426790395,4.69970703125,-0.244140625,-1.52587890625
317,-0.640625,-0.1484375,0.7265625,0.9799628301305616,4.57763671875,-0.18310546875,-1.40380859375
318,-0.6328125,-0.1640625,0.71484375,0.968694869903089,4.39453125,0.06103515625,-1.3427734375
319,-0.64453125,-0.14453125,0.7109375,0.9704338943788882,4.2724609375,0.06103515625,-1.220703125
320,-0.6484375,-0.15625,0.7109375,0.9748422348321292,4.08935546875,0.18310546875,-1.220703125
321,-0.6484375,-0.13671875,0.7109375,0.971902946242094,3.96728515625,0.1220703125,-1.03759765625
322,-0.62890625,-0.15234375,0.72265625,0.9700328577513173,3.84521484375,0.1220703125,-0.9765625
323,-0.62890625,-0.171875,0.734375,0.9820237917377881,3.7841796875,-0.06103515625,-0.91552734375
324,-0.640625,-0.15625,0.7265625,0.981176599563631,3.7841796875,-0.244140625,-0.8544921875
325,-0.66015625,-0.1796875,0.73046875,1.0008388815373206,3.7841796875,-0.244140625,-0.9765625
326,-0.64453125,-0.16015625,0.72265625,0.9814798073850972,3.90625,-0.42724609375,-1.03759765625
327,-0.640625,-0.14453125,0.71875,0.9735970600569634,3.96728515625,-0.3662109375,-1.03759765625
328,-0.64453125,-0.16015625,0.73046875,0.9872462465703212,3.96728515625,-0.30517578125,-1.15966796875
329,-0.63671875,-0.15234375,0.734375,0.9838323156872949,4.08935546875,-0.30517578125,-1.0986328125
330,-0.6484375,-0.1484375,0.734375,0.9908640287332566,4.08935546875,-0.18310546875,-1.0986328125
331,-0.640625,-0.15234375,0.71875,0.9747874492878242,4.150390625,-0.1220703125,-0.9765625
332,-0.6328125,-0.15234375,0.7109375,0.9638943963041607,4.21142578125,-0.1220703125,-1.03759765625
333,-0.640625,-0.140625,0.70703125,0.9644008345737588,4.21142578125,-0.1220703125,-0.9765625
334,-0.625,-0.14453125,0.73046875,0.972161960247944,4.150390625,0.0,-1.15966796875
335,-0.62109375,-0.140625,0.7265625,0.9661396914112951,4.08935546875,0.06103515625,-0.9765625
336,-0.6484375,-0.15234375,0.7421875,0.9972572861235773,4.0283203125,0.0,-1.03759765625
337,-0.63671875,-0.14453125,0.7265625,0.9768280888848226,4.0283203125,-0.06103515625,-0.91552734375
338,-0.625,-0.15625,0.73046875,0.9739731296224565,4.08935546875,-0.1220703125,-0.9765625
339,-0.63671875,-0.16015625,0.7109375,0.9677256428977559,4.08935546875,-0.18310546875,-1.0986328125
340,-0.63671875,-0.15625,0.7265625,0.9786306226088638,4.08935546875,-0.1220703125,-1.15966796875
341,-0.6328125,-0.14453125,0.73046875,0.977202915012729,4.08935546875,-0.18310546875,-1.220703125
342,-0.63671875,-0.1640625,0.72265625,0.9770155199237497,4.21142578125,0.0,-1.220703125
343,-0.63671875,-0.15234375,0.734375,0.9838323156872949,4.2724609375,0.06103515625,-1.0986328125
344,-0.63671875,-0.14453125,0.72265625,0.9739261288681947,4.33349609375,0.1220703125,-1.0986328125
345,-0.625,-0.16015625,0.72265625,0.9687657508800179,4.2724609375,0.18310546875,-1.03759765625
346,-0.62890625,-0.15234375,0.71875,0.9671262854214671,4.2724609375,0.244140625,-0.9765625
347,-0.6171875,-0.125,0.71484375,0.9526526109082536,4.21142578125,0.18310546875,-0.91552734375
348,-0.6328125,-0.15234375,0.7421875,0.9871689639958109,4.150390625,0.244140625,-0.9765625
349,-0.63671875,-0.1484375,0.7421875,0.9890837897590186,4.08935546875,0.244140625,-0.8544921875
350,-0.63671875,-0.16015625,0.7265625,0.9792618941947425,4.08935546875,0.18310546875,-0.732421875
351,-0.625,-0.15625,0.73046875,0.9739731296224565,4.08935546875,0.06103515625,-0.67138671875
352,-0.62890625,-0.16015625,0.73828125,0.9829711591927239,4.08935546875,0.1220703125,-0.732421875
353,-0.6328125,-0.14453125,0.73828125,0.9830565327001164,4.21142578125,0.06103515625,-0.732421875
354,-0.65234375,-0.16015625,0.7265625,0.9894925259871219,4.33349609375,0.06103515625,-0.79345703125
355,-0.6328125,-0.16796875,0.71875,0.9722482829158469,4.57763671875,0.1220703125,-0.9765625
356,-0.63671875,-0.15625,0.73046875,0.9815342193872433,4.638671875,0.30517578125,-0.91552734375
357,-0.65234375,-0.15234375,0.734375,0.9940159088028345,4.7607421875,0.30517578125,-1.03759765625
358,-0.640625,-0.1484375,0.7265625,0.9799628301305616,4.7607421875,0.42724609375,-0.9765625
359,-0.6328125,-0.16015625,0.71484375,0.9680409451486931,4.69970703125,0.30517578125,-1.0986328125
360,-0.64453125,-0.15625,0.7421875,0.9953275239250708,4.638671875,0.30517578125,-1.220703125
361,-0.63671875,-0.14453125,0.734375,0.9826528835011502,4.5166015625,0.3662109375,-1.220703125
362,-0.640625,-0.15234375,0.71484375,0.9719107961655354,4.5166015625,0.48828125,-1.15966796875
363,-0.640625,-0.1640625,0.72265625,0.9795656946807154,4.69970703125,0.48828125,-1.15966796875
364,-0.640625,-0.15234375,0.734375,0.9863648662711292,4.7607421875,0.48828125,-1.220703125
365,-0.625,-0.15234375,0.73046875,0.97335410457378,4.82177734375,0.48828125,-1.03759765625
366,-0.6328125,-0.15625,0.7109375,0.9645194925777809,4.82177734375,0.3662109375,-1.0986328125
367,-0.640625,-0.15625,0.7265625,0.981176599563631,4.638671875,0.42724609375,-0.9765625
368,-0.64453125,-0.13671875,0.6953125,0.9578997972044754,4.57763671875,0.48828125,-0.91552734375
369,-0.640625,-0.13671875,0.72265625,0.9753586329605255,4.33349609375,0.6103515625,-0.9765625
370,-0.64453125,-0.15234375,0.71484375,0.9744899883039781,4.150390625,0.732421875,-0.8544921875
371,-0.63671875,-0.14453125,0.73046875,0.979737027755248,3.84521484375,0.79345703125,-0.67138671875
372,-0.640625,-0.15625,0.7265625,0.981176599563631,3.662109375,0.732421875,-0.732421875
373,-0.6328125,-0.16015625,0.73828125,0.9854749558826318,3.72314453125,0.6103515625,-0.79345703125
374,-0.640625,-0.1484375,0.73828125,0.9886826013098503,3.90625,0.42724609375,-0.91552734375
375,-0.63671875,-0.16015625,0.73046875,0.9821636247297023,3.96728515625,0.244140625,-0.9765625
376,-0.6328125,-0.14453125,0.70703125,0.9598094242397159,4.150390625,0.18310546875,-0.9765625
377,-0.64453125,-0.14453125,0.7109375,0.9704338943788882,4.150390625,0.1220703125,-0.9765625
378,-0.6484375,-0.13671875,0.71875,0.9776322266107089,4.08935546875,0.1220703125,-1.03759765625
379,-0.62109375,-0.1796875,0.72265625,0.9696788641655416,4.150390625,0.06103515625,-0.9765625
380,-0.6484375,-0.15234375,0.734375,0.9914567313782848,3.90625,0.0,-1.0986328125
381,-0.64453125,-0.1640625,0.7421875,0.9965838255204941,3.72314453125,0.06103515625,-1.0986328125
382,-0.640625,-0.16015625,0.71484375,0.9731659683492456,3.60107421875,0.18310546875,-1.0986328125
383,-0.63671875,-0.16796875,0.7421875,0.9922028788178228,3.5400390625,0.30517578125,-1.03759765625
384,-0.640625,-0.140625,0.72265625,0.9759138470756845,3.5400390625,0.42724609375,-0.91552734375
385,-0.6328125,-0.16015625,0.71484375,0.9680409451486931,3.60107421875,0.48828125,-0.732421875
386,-0.640625,-0.15234375,0.72265625,0.9776712455898071,3.662109375,0.3662109375,-0.91552734375
387,-0.625,-0.15625,0.71484375,0.9623100588760686,3.662109375,0.18310546875,-0.8544921875
388,-0.64453125,-0.14453125,0.72265625,0.9790515155583936,3.662109375,-0.06103515625,-0.8544921875
389,-0.6484375,-0.15234375,0.7265625,0.9856839635382948,3.5400390625,-0.18310546875,-0.8544921875
390,-0.63671875,-0.16015625,0.70703125,0.9648595646477198,3.60107421875,-0.18310546875,-0.91552734375
391,-0.64453125,-0.15234375,0.71875,0.9773590501400317,3.5400390625,-0.1220703125,-1.03759765625
392,-0.62890625,-0.1640625,0.71484375,0.9661475881610299,3.5400390625,0.06103515625,-1.15966796875
393,-0.625,-0.15625,0.71875,0.9652153257175313,3.5400390625,0.1220703125,-1.0986328125
394,-0.62890625,-0.16015625,0.73046875,0.9771170300581643,3.41796875,0.3662109375,-1.03759765625
395,-0.625,-0.15625,0.7109375,0.9594118987203828,3.5400390625,0.30517578125,-0.8544921875
396,-0.6328125,-0.1484375,0.7421875,0.9865736853974719,3.5400390625,0.3662109375,-0.79345703125
397,-0.62109375,-0.16015625,0.734375,0.9750456970461051,3.60107421875,0.3662109375,-0.67138671875
398,-0.625,-0.15234375,0.73046875,0.97335410457378,3.72314453125,0.3662109375,-0.732421875
399,-0.6171875,-0.14453125,0.73046875,0.967157839811773,3.72314453125,0.3662109375,-0.67138671875
400,-0.625,-0.13671875,0.7265625,0.9680961124846089,3.84521484375,0.48828125,-0.54931640625
401,-0.62890625,-0.16796875,0.73828125,0.9842742383945582,3.90625,0.48828125,-0.48828125
402,-0.625,-0.1484375,0.734375,0.9756871076483741,3.84521484375,0.3662109375,-0.48828125
403,-0.62890625,-0.140625,0.73828125,0.9799784007903567,3.84521484375,0.30517578125,-0.48828125
404,-0.62109375,-0.14453125,0.734375,0.9726013413216255,3.662109375,0.3662109375,-0.42724609375
405,-0.62890625,-0.14453125,0.7265625,0.9717537856483375,3.60107421875,0.244140625,-0.6103515625
406,-0.625,-0.140625,0.7421875,0.9804298423555099,3.60107421875,0.244140625,-0.6103515625
407,-0.62890625,-0.14453125,0.73046875,0.9746778689609135,3.60107421875,0.244140625,-0.67138671875
408,-0.625,-0.15625,0.7265625,0.9710469241526127,3.662109375,0.30517578125,-0.732421875
409,-0.6328125,-0.140625,0.72265625,0.9708033304667391,3.5400390625,0.244140625,-0.67138671875
410,-0.6328125,-0.15625,0.7421875,0.9877793315374138,3.5400390625,0.30517578125,-0.732421875
411,-0.6328125,-0.14453125,0.71484375,0.9655788571094932,3.47900390625,0.3662109375,-0.732421875
412,-0.62109375,-0.171875,0.72265625,0.9682615956331868,3.47900390625,0.48828125,-0.732421875
413,-0.6328125,-0.14453125,0.73828125,0.9830565327001164,3.41796875,0.42724609375,-0.732421875
414,-0.63671875,-0.14453125,0.734375,0.9826528835011502,3.35693359375,0.6103515625,-0.79345703125
415,-0.64453125,-0.1484375,0.7265625,0.9825208852940799,3.41796875,0.54931640625,-0.79345703125
416,-0.6328125,-0.15234375,0.7109375,0.9638943963041607,3.35693359375,0.54931640625,-0.67138671875
417,-0.6328125,-0.14453125,0.7109375,0.9626905376542675,3.35693359375,0.48828125,-0.67138671875
418,-0.625,-0.16015625,0.7265625,0.9716831226384003,3.41796875,0.48828125,-0.6103515625
419,-0.62890625,-0.1484375,0.70703125,0.957836077401491,3.35693359375,0.3662109375,-0.67138671875
420,-0.62890625,-0.15234375,0.73046875,0.9758669397923507,3.41796875,0.244140625,-0.54931640625
421,-0.63671875,-0.140625,0.72265625,0.97335410457378,3.41796875,0.18310546875,-0.48828125
422,-0.63671875,-0.15625,0.73046875,0.9815342193872433,3.35693359375,0.18310546875,-0.54931640625
423,-0.63671875,-0.1484375,0.71875,0.9716203067596995,3.47900390625,0.1220703125,-0.67138671875
424,-0.64453125,-0.1484375,0.7265625,0.9825208852940799,3.47900390625,0.30517578125,-0.732421875
425,-0.63671875,-0.1484375,0.73046875,0.9803208927358301,3.5400390625,0.30517578125,-0.732421875
426,-0.640625,-0.16015625,0.72265625,0.9789190317401767,3.41796875,0.3662109375,-0.79345703125
427,-0.6328125,-0.15625,0.72265625,0.9731894873663158,3.35693359375,0.6103515625,-0.732421875
428,-0.63671875,-0.1484375,0.71484375,0.9687342488638847,3.2958984375,0.67138671875,-0.732421875
429,-0.62890625,-0.16015625,0.73046875,0.9771170300581643,3.173828125,0.732421875,-0.67138671875
430,-0.6328125,-0.14453125,0.73046875,0.977202915012729,3.23486328125,0.732421875,-0.67138671875
431,-0.6328125,-0.1484375,0.7109375,0.9632847348882624,3.11279296875,0.67138671875,-0.54931640625
432,-0.62109375,-0.14453125,0.7265625,0.9667159846210649,3.11279296875,0.54931640625,-0.48828125
433,-0.63671875,-0.13671875,0.71875,0.9698991420261825,3.173828125,0.54931640625,-0.42724609375
434,-0.6171875,-0.1640625,0.74609375,0.9820859421922108,3.0517578125,0.42724609375,-0.3662109375
435,-0.62890625,-0.15234375,0.73046875,0.9758669397923507,3.11279296875,0.18310546875,-0.42724609375
436,-0.62890625,-0.16015625,0.71875,0.9683876590514384,3.173828125,0.1220703125,-0.48828125
437,-0.62890625,-0.15625,0.73046875,0.97648437187475,3.35693359375,0.1220703125,-0.67138671875
438,-0.63671875,-0.14453125,0.73046875,0.979737027755248,3.5400390625,0.06103515625,-0.732421875
439,-0.63671875,-0.140625,0.71484375,0.9675679532418511,3.5400390625,0.06103515625,-0.8544921875
440,-0.6328125,-0.1484375,0.734375,0.9807099429431212,3.5400390625,0.06103515625,-0.91552734375
441,-0.6328125,-0.15625,0.73046875,0.9790047586109132,3.5400390625,0.18310546875,-1.03759765625
442,-0.640625,-0.15625,0.71875,0.9754055646883505,3.5400390625,0.30517578125,-1.03759765625
443,-0.62890625,-0.16015625,0.71875,0.9683876590514384,3.5400390625,0.30517578125,-1.0986328125
444,-0.625,-0.15625,0.72265625,0.9681276352651351,3.5400390625,0.3662109375,-1.0986328125
445,-0.65234375,-0.15234375,0.73046875,0.9911334829651793,3.41796875,0.42724609375,-1.0986328125
446,-0.640625,-0.16015625,0.7421875,0.9934247330297915,3.41796875,0.54931640625,-0.9765625
447,-0.6328125,-0.1484375,0.73828125,0.9836384273014462,3.173828125,0.42724609375,-0.9765625
448,-0.62890625,-0.14453125,0.71875,0.9659264547653849,3.11279296875,0.54931640625,-0.91552734375
449,-0.63671875,-0.14453125,0.72265625,0.9739261288681947,2.9296875,0.6103515625,-0.8544921875
450,-0.62890625,-0.15234375,0.72265625,0.9700328577513173,2.9296875,0.67138671875,-0.8544921875
451,-0.6328125,-0.14453125,0.7265625,0.9742864100402214,2.9296875,0.67138671875,-0.732421875
452,-0.62890625,-0.1328125,0.71875,0.964242601187747,2.9296875,0.67138671875,-0.6103515625
453,-0.6328125,-0.15234375,0.73046875,0.97838891707075,2.86865234375,0.67138671875,-0.48828125
454,-0.625,-0.15234375,0.73046875,0.97335410457378,2.8076171875,0.732421875,-0.54931640625
455,-0.63671875,-0.15234375,0.734375,0.9838323156872949,2.8076171875,0.732421875,-0.6103515625
456,-0.63671875,-0.15625,0.7421875,0.9902863799213905,2.8076171875,0.67138671875,-0.54931640625
457,-0.625,-0.1484375,0.734375,0.9756871076483741,2.86865234375,0.67138671875,-0.48828125
458,-0.625,-0.16015625,0.734375,0.9775385747064218,2.86865234375,0.67138671875,-0.6103515625
459,-0.62890625,-0.140625,0.73828125,0.9799784007903567,2.86865234375,0.67138671875,-0.6103515625
460,-0.62890625,-0.16015625,0.73046875,0.9771170300581643,2.9296875,0.67138671875,-0.732421875
461,-0.625,-0.15625,0.73046875,0.9739731296224565,2.9296875,0.8544921875,-0.732421875
462,-0.62890625,-0.1640625,0.73046875,0.9777648847866623,2.99072265625,0.9765625,-0.67138671875
463,-0.6328125,-0.1484375,0.7265625,0.9748735394751209,3.11279296875,1.03759765625,-0.79345703125
464,-0.62890625,-0.15625,0.71875,0.9677492941299738,3.23486328125,1.03759765625,-0.79345703125
465,-0.625,-0.15625,0.73046875,0.9739731296224565,3.173828125,1.03759765625,-0.79345703125
466,-0.609375,-0.15625,0.734375,0.9669842779228626,3.173828125,0.9765625,-0.67138671875
467,-0.62890625,-0.140625,0.73046875,0.9741062861108253,3.173828125,1.03759765625,-0.6103515625
468,-0.6328125,-0.14453125,0.7265625,0.9742864100402214,3.23486328125,1.15966796875,-0.732421875
469,-0.63671875,-0.1484375,0.7265625,0.9774136915421547,3.23486328125,1.15966796875,-0.732421875
470,-0.6328125,-0.14453125,0.71875,0.9684743181328106,3.173828125,1.15966796875,-0.732421875
471,-0.6328125,-0.14453125,0.7265625,0.9742864100402214,3.173828125,1.15966796875,-0.732421875
472,-0.6328125,-0.1484375,0.72265625,0.9719657438544645,3.11279296875,1.0986328125,-0.732421875
473,-0.63671875,-0.15625,0.7265625,0.9786306226088638,3.0517578125,1.15966796875,-0.732421875
474,-0.63671875,-0.15234375,0.71875,0.9722247411301694,3.0517578125,1.03759765625,-0.732421875
475,-0.64453125,-0.1484375,0.72265625,0.9796357891057651,3.0517578125,1.0986328125,-0.79345703125
476,-0.640625,-0.14453125,0.73046875,0.9822801370169942,3.0517578125,1.0986328125,-0.79345703125
477,-0.640625,-0.15234375,0.70703125,0.966179174514554,3.0517578125,1.15966796875,-0.732421875
478,-0.640625,-0.1484375,0.7265625,0.9799628301305616,2.99072265625,1.15966796875,-0.79345703125
479,-0.64453125,-0.1484375,0.7265625,0.9825208852940799,2.99072265625,1.0986328125,-0.67138671875
480,-0.64453125,-0.13671875,0.71875,0.9750456970461051,2.8076171875,1.03759765625,-0.67138671875
481,-0.64453125,-0.1328125,0.7265625,0.9802819792228471,2.62451171875,1.03759765625,-0.48828125
482,-0.62890625,-0.15234375,0.73828125,0.9817285233478181,2.50244140625,1.03759765625,-0.48828125
483,-0.640625,-0.14453125,0.71484375,0.9707168793039632,2.44140625,0.91552734375,-0.48828125
484,-0.64453125,-0.16015625,0.71875,0.9786072343594364,2.44140625,0.8544921875,-0.48828125
485,-0.6328125,-0.1484375,0.73828125,0.9836384273014462,2.62451171875,0.79345703125,-0.48828125
486,-0.625,-0.16015625,0.71875,0.9658553654217915,2.74658203125,0.732421875,-0.54931640625
487,-0.640625,-0.140625,0.71875,0.9730248423087665,2.8076171875,0.6103515625,-0.6103515625
488,-0.640625,-0.1796875,0.6953125,0.9623655547334911,2.86865234375,0.67138671875,-0.6103515625
489,-0.6484375,-0.1484375,0.73046875,0.9879724072761661,2.8076171875,0.79345703125,-0.79345703125
490,-0.6328125,-0.16015625,0.734375,0.9825519452910938,2.8076171875,0.9765625,-0.8544921875
491,-0.6484375,-0.14453125,0.71875,0.978755350500222,2.74658203125,1.0986328125,-0.79345703125
492,-0.6328125,-0.1484375,0.7265625,0.9748735394751209,2.62451171875,1.15966796875,-0.79345703125
493,-0.64453125,-0.14453125,0.7265625,0.9819383284399154,2.44140625,1.220703125,-0.732421875
494,-0.6328125,-0.15625,0.71875,0.970292370966736,2.38037109375,1.28173828125,-0.54931640625
495,-0.62890625,-0.14453125,0.73828125,0.9805465606574669,2.25830078125,1.15966796875,-0.54931640625
496,-0.625,-0.15234375,0.7265625,0.970426032508564,2.3193359375,1.0986328125,-0.42724609375
497,-0.625,-0.15234375,0.72265625,0.9675048701831557,2.25830078125,0.9765625,-0.3662109375
498,-0.625,-0.140625,0.734375,0.9745291330945423,2.197265625,0.8544921875,-0.42724609375
499,-0.6640625,-0.140625,0.70703125,0.9801263097212586,2.0751953125,0.91552734375,-0.3662109375
500,-0.62890625,-0.16015625,0.7578125,0.9977238500002769,2.13623046875,0.79345703125,-0.42724609375
501,-0.63671875,-0.14453125,0.7265625,0.9768280888848226,2.0751953125,0.91552734375,-0.48828125
502,-0.6484375,-0.15625,0.734375,0.992064460875023,1.89208984375,0.9765625,-0.54931640625
503,-0.6484375,-0.1484375,0.73828125,0.9937625908203943,1.953125,0.9765625,-0.67138671875
504,-0.62890625,-0.15234375,0.7265625,0.9729464301077295,2.01416015625,0.9765625,-0.67138671875
505,-0.63671875,-0.15625,0.73046875,0.9815342193872433,2.0751953125,0.8544921875,-0.79345703125
506,-0.640625,-0.15234375,0.70703125,0.966179174514554,2.13623046875,0.79345703125,-0.91552734375
507,-0.62890625,-0.1640625,0.7265625,0.9748500610871205,2.197265625,0.732421875,-0.91552734375
508,-0.625,-0.15234375,0.71875,0.9645906803738373,2.25830078125,0.732421875,-0.9765625
509,-0.6328125,-0.14453125,0.7265625,0.9742864100402214,2.3193359375,0.67138671875,-1.03759765625
510,-0.6171875,-0.1484375,0.734375,0.9707011600835244,2.197265625,0.732421875,-0.9765625
511,-0.6328125,-0.14453125,0.71484375,0.9655788571094932,2.25830078125,0.79345703125,-0.9765625
512,-0.625,-0.15625,0.73046875,0.9739731296224565,2.13623046875,0.8544921875,-1.03759765625
513,-0.6328125,-0.15625,0.7265625,0.9760936374459676,2.0751953125,0.79345703125,-0.91552734375
514,-0.62890625,-0.15234375,0.71875,0.9671262854214671,2.0751953125,0.8544921875,-0.8544921875
515,-0.6328125,-0.15625,0.7265625,0.9760936374459676,2.0751953125,0.79345703125,-0.79345703125
516,-0.62109375,-0.1484375,0.72265625,0.9643771012209772,2.13623046875,0.91552734375,-0.67138671875
517,-0.625,-0.16015625,0.734375,0.9775385747064218,2.13623046875,0.8544921875,-0.48828125
518,-0.640625,-0.15234375,0.7109375,0.969041349837721,2.197265625,0.9765625,-0.54931640625
519,-0.6328125,-0.15625,0.7265625,0.9760936374459676,2.3193359375,0.9765625,-0.6103515625
520,-0.6328125,-0.15625,0.71484375,0.9674023514393132,2.44140625,0.91552734375,-0.67138671875
521,-0.640625,-0.16015625,0.7265625,0.9818062341650273,2.5634765625,0.91552734375,-0.54931640625
522,-0.61328125,-0.1640625,0.7265625,0.96484375,2.62451171875,0.67138671875,-0.67138671875
523,-0.625,-0.1484375,0.734375,0.9756871076483741,2.685546875,0.6103515625,-0.732421875
524,-0.6328125,-0.16015625,0.73828125,0.9854749558826318,2.685546875,0.54931640625,-0.54931640625
525,-0.63671875,-0.15625,0.72265625,0.97573402357693,2.685546875,0.48828125,-0.48828125
526,-0.62890625,-0.16015625,0.73046875,0.9771170300581643,2.74658203125,0.3662109375,-0.48828125
527,-0.63671875,-0.15234375,0.73046875,0.980919965895377,2.8076171875,0.48828125,-0.54931640625
528,-0.62890625,-0.1484375,0.703125,0.9549562965499062,2.99072265625,0.54931640625,-0.6103515625
529,-0.63671875,-0.13671875,0.71875,0.9698991420261825,3.173828125,0.54931640625,-0.48828125
530,-0.625,-0.15625,0.71875,0.9652153257175313,3.23486328125,0.48828125,-0.48828125
531,-0.63671875,-0.15234375,0.7421875,0.9896775585623203,3.35693359375,0.54931640625,-0.3662109375
532,-0.62109375,-0.15234375,0.7265625,0.9679148365736394,3.41796875,0.6103515625,-0.42724609375
533,-0.62890625,-0.14453125,0.734375,0.9776088144757211,3.2958984375,0.67138671875,-0.42724609375
534,-0.62890625,-0.140625,0.71875,0.9653496902232178,3.173828125,0.732421875,-0.48828125
535,-0.62890625,-0.14453125,0.72265625,0.9688366266712296,3.23486328125,0.732421875,-0.54931640625
536,-0.63671875,-0.14453125,0.734375,0.9826528835011502,3.23486328125,0.67138671875,-0.42724609375
537,-0.625,-0.14453125,0.7265625,0.9692302866877471,3.173828125,0.6103515625,-0.42724609375
538,-0.6328125,-0.15234375,0.71875,0.9696709961736055,3.2958984375,0.67138671875,-0.48828125
539,-0.62890625,-0.16015625,0.7265625,0.974200267968232,3.41796875,0.67138671875,-0.42724609375
540,-0.6328125,-0.15625,0.73046875,0.9790047586109132,3.41796875,0.732421875,-0.54931640625
541,-0.63671875,-0.14453125,0.71484375,0.9681433962705047,3.41796875,0.8544921875,-0.54931640625
542,-0.63671875,-0.15234375,0.73828125,0.9867515335013103,3.35693359375,0.79345703125,-0.67138671875
543,-0.62109375,-0.15625,0.74609375,0.9832738136338856,3.35693359375,0.732421875,-0.6103515625
544,-0.63671875,-0.14453125,0.71484375,0.9681433962705047,3.23486328125,0.6103515625,-0.6103515625
545,-0.63671875,-0.16015625,0.7265625,0.9792618941947425,3.23486328125,0.54931640625,-0.6103515625
546,-0.625,-0.15234375,0.71875,0.9645906803738373,3.35693359375,0.54931640625,-0.79345703125
547,-0.6484375,-0.1484375,0.72265625,0.9822102313031373,3.2958984375,0.6103515625,-0.79345703125
548,-0.62890625,-0.16015625,0.73046875,0.9771170300581643,3.35693359375,0.54931640625,-0.8544921875
549,-0.640625,-0.14453125,0.73828125,0.9881036772288245,3.2958984375,0.48828125,-0.8544921875
550,-0.63671875,-0.14453125,0.72265625,0.9739261288681947,3.2958984375,0.3662109375,-0.79345703125
551,-0.62109375,-0.14453125,0.7421875,0.9785136757715116,3.2958984375,0.30517578125,-0.67138671875
552,-0.62890625,-0.1640625,0.703125,0.9575094468569553,3.35693359375,0.18310546875,-0.79345703125
553,-0.62890625,-0.1484375,0.734375,0.9781939497463233,3.41796875,0.1220703125,-0.79345703125
554,-0.6328125,-0.15625,0.7265625,0.9760936374459676,3.47900390625,0.1220703125,-0.8544921875
555,-0.6484375,-0.14453125,0.71875,0.978755350500222,3.47900390625,0.18310546875,-0.8544921875
556,-0.64453125,-0.1484375,0.734375,0.9883121289642319,3.47900390625,0.244140625,-0.8544921875
557,-0.6328125,-0.15625,0.71875,0.970292370966736,3.41796875,0.30517578125,-0.8544921875
558,-0.63671875,-0.16015625,0.71875,0.9734795085237413,3.47900390625,0.42724609375,-0.8544921875
559,-0.63671875,-0.15234375,0.734375,0.9838323156872949,3.5400390625,0.48828125,-0.91552734375
560,-0.63671875,-0.1484375,0.73828125,0.9861560029272118,3.5400390625,0.54931640625,-0.91552734375
561,-0.6328125,-0.16015625,0.71875,0.9709290638714615,3.5400390625,0.6103515625,-0.9765625
562,-0.63671875,-0.15234375,0.72265625,0.9751161163829093,3.47900390625,0.67138671875,-0.91552734375
563,-0.62890625,-0.16015625,0.734375,0.9800406809557065,3.47900390625,0.67138671875,-0.9765625
564,-0.62890625,-0.140625,0.71484375,0.9624448289788485,3.47900390625,0.6103515625,-0.8544921875
565,-0.6328125,-0.1484375,0.734375,0.9807099429431212,3.41796875,0.54931640625,-0.79345703125
566,-0.640625,-0.14453125,0.7109375,0.9678438932791861,3.47900390625,0.42724609375,-0.8544921875
567,-0.62890625,-0.15234375,0.73046875,0.9758669397923507,3.47900390625,0.244140625,-0.9765625
568,-0.62890625,-0.140625,0.72265625,0.9682615956331868,3.5400390625,0.1220703125,-0.9765625
569,-0.6328125,-0.15234375,0.734375,0.981308778593829,3.662109375,0.06103515625,-1.03759765625
570,-0.640625,-0.15625,0.73046875,0.9840726842319943,3.7841796875,0.0,-1.03759765625
571,-0.62890625,-0.16015625,0.71875,0.9683876590514384,3.7841796875,-0.18310546875,-0.9765625
572,-0.625,-0.13671875,0.74609375,0.9828392037310197,3.84521484375,-0.18310546875,-1.0986328125
573,-0.63671875,-0.15625,0.72265625,0.97573402357693,3.7841796875,-0.18310546875,-0.9765625
574,-0.640625,-0.15234375,0.7265625,0.9805621220480182,3.7841796875,-0.18310546875,-1.0986328125
575,-0.62890625,-0.15625,0.703125,0.9562018089368282,3.7841796875,-0.1220703125,-1.03759765625
576,-0.640625,-0.1484375,0.7109375,0.9684349286025882,3.7841796875,-0.06103515625,-0.9765625
577,-0.63671875,-0.15625,0.7109375,0.9670868409857578,3.90625,0.06103515625,-0.91552734375
578,-0.62890625,-0.1484375,0.734375,0.9781939497463233,3.90625,0.06103515625,-0.8544921875
579,-0.6328125,-0.1484375,0.7265625,0.9748735394751209,3.84521484375,0.06103515625,-0.8544921875
580,-0.63671875,-0.15234375,0.73046875,0.980919965895377,3.662109375,0.1220703125,-0.8544921875
581,-0.63671875,-0.15625,0.73046875,0.9815342193872433,3.662109375,0.0,-0.79345703125
582,-0.640625,-0.140625,0.73828125,0.9875398651961158,3.662109375,0.0,-0.732421875
583,-0.640625,-0.16015625,0.7265625,0.9818062341650273,3.662109375,-0.1220703125,-0.79345703125
584,-0.63671875,-0.15234375,0.73828125,0.9867515335013103,3.7841796875,-0.18310546875,-0.8544921875
585,-0.625,-0.140625,0.7265625,0.9686554893414119,3.7841796875,-0.18310546875,-0.732421875
586,-0.6640625,-0.1640625,0.7109375,0.9865736853974719,3.7841796875,-0.244140625,-0.79345703125
587,-0.63671875,-0.1484375,0.734375,0.9832350169887221,3.7841796875,-0.30517578125,-0.732421875
588,-0.625,-0.1484375,0.7421875,0.981580855845559,3.7841796875,-0.3662109375,-0.79345703125
589,-0.6328125,-0.140625,0.71875,0.9678990718464658,3.84521484375,-0.30517578125,-0.732421875
590,-0.625,-0.15234375,0.734375,0.9762890242080275,3.84521484375,-0.18310546875,-0.91552734375
591,-0.625,-0.1484375,0.7109375,0.9581705590929519,3.90625,-0.1220703125,-0.79345703125
592,-0.6328125,-0.16796875,0.7265625,0.978037947903384,4.0283203125,-0.06103515625,-0.9765625
593,-0.62890625,-0.1484375,0.7109375,0.9607231087059177,4.150390625,0.06103515625,-0.9765625
594,-0.6328125,-0.1484375,0.7421875,0.9865736853974719,4.150390625,0.0,-0.91552734375
595,-0.62890625,-0.14453125,0.72265625,0.9688366266712296,4.21142578125,-0.06103515625,-0.79345703125
596,-0.62890625,-0.140625,0.7265625,0.9711804818468669,4.150390625,-0.18310546875,-0.732421875
597,-0.625,-0.16015625,0.7421875,0.9834212269268507,4.08935546875,-0.244140625,-0.79345703125
598,-0.6328125,-0.14453125,0.7265625,0.9742864100402214,4.150390625,-0.18310546875,-0.91552734375
599,-0.640625,-0.14453125,0.7265625,0.9793787516879323,4.150390625,-0.244140625,-0.8544921875
600,-0.625,-0.14453125,0.72265625,0.9663055096037821,4.150390625,-0.18310546875,-0.91552734375
601,-0.6328125,-0.14453125,0.734375,0.9801263097212586,4.21142578125,-0.1220703125,-0.8544921875
602,-0.62890625,-0.14453125,0.72265625,0.9688366266712296,4.2724609375,-0.06103515625,-0.9765625
603,-0.63671875,-0.1484375,0.7109375,0.9658553654217915,4.2724609375,0.0,-0.91552734375
604,-0.64453125,-0.14453125,0.7265625,0.9819383284399154,4.21142578125,0.0,-0.9765625
605,-0.63671875,-0.140625,0.73046875,0.9791683981589301,4.21142578125,0.0,-0.91552734375
606,-0.63671875,-0.15234375,0.7265625,0.978014545480728,4.150390625,-0.1220703125,-0.91552734375
607,-0.63671875,-0.1328125,0.73828125,0.983925368541423,4.150390625,-0.18310546875,-0.8544921875
608,-0.6484375,-0.14453125,0.7109375,0.9730326831813321,4.150390625,-0.1220703125,-0.91552734375
609,-0.62890625,-0.14453125,0.7421875,0.9834910465641642,4.08935546875,-0.244140625,-0.8544921875
610,-0.65234375,-0.140625,0.74609375,1.0009913299215558,4.08935546875,-0.244140625,-0.91552734375
611,-0.62890625,-0.15625,0.73046875,0.97648437187475,4.08935546875,-0.244140625,-0.91552734375
612,-0.6328125,-0.15625,0.72265625,0.9731894873663158,4.21142578125,-0.244140625,-0.9765625
613,-0.62890625,-0.15234375,0.7265625,0.9729464301077295,4.2724609375,-0.244140625,-0.91552734375
614,-0.6328125,-0.15234375,0.73046875,0.97838891707075,4.33349609375,-0.18310546875,-1.0986328125
615,-0.62890625,-0.15625,0.72265625,0.9706540008948219,4.33349609375,-0.1220703125,-1.03759765625
616,-0.62109375,-0.1484375,0.73828125,0.9761405338356127,4.33349609375,-0.18310546875,-1.0986328125
617,-0.6328125,-0.16015625,0.74609375,0.9913412976162019,4.2724609375,-0.244140625,-1.0986328125
618,-0.62109375,-0.1484375,0.7421875,0.9790982702729908,4.21142578125,-0.30517578125,-0.91552734375
619,-0.62890625,-0.14453125,0.734375,0.9776088144757211,4.150390625,-0.42724609375,-0.9765625
620,-0.6328125,-0.13671875,0.73046875,0.976078004815381,4.08935546875,-0.6103515625,-1.03759765625
621,-0.625,-0.14453125,0.72265625,0.9663055096037821,4.21142578125,-0.67138671875,-1.03759765625
622,-0.6328125,-0.15625,0.734375,0.9819227888593125,4.33349609375,-0.732421875,-1.03759765625
623,-0.6328125,-0.14453125,0.73046875,0.977202915012729,4.5166015625,-0.732421875,-1.03759765625
624,-0.625,-0.14453125,0.7421875,0.980997740763358,4.7607421875,-0.67138671875,-0.9765625
625,-0.62890625,-0.15234375,0.74609375,0.9876171187470312,4.8828125,-0.54931640625,-1.03759765625
626,-0.62890625,-0.15234375,0.73046875,0.9758669397923507,4.94384765625,-0.48828125,-1.0986328125
627,-0.6328125,-0.14453125,0.7265625,0.9742864100402214,4.8828125,-0.30517578125,-1.220703125
628,-0.62890625,-0.15234375,0.73046875,0.9758669397923507,4.8828125,-0.244140625,-1.220703125
629,-0.6328125,-0.15234375,0.7421875,0.9871689639958109,4.69970703125,-0.18310546875,-1.220703125
630,-0.60546875,-0.15234375,0.7421875,0.9698676768234288,4.638671875,-0.1220703125,-1.220703125
631,-0.6328125,-0.14453125,0.7421875,0.9859935230715577,4.638671875,-0.244140625,-1.03759765625
632,-0.62890625,-0.1484375,0.7421875,0.9840726842319943,4.5166015625,-0.244140625,-1.03759765625
633,-0.62890625,-0.13671875,0.75,0.9882889698315088,4.57763671875,-0.30517578125,-1.03759765625
634,-0.625,-0.1484375,0.73828125,0.9786306226088638,4.57763671875,-0.42724609375,-1.03759765625
635,-0.6328125,-0.15234375,0.72265625,0.972569963542148,4.57763671875,-0.48828125,-0.9765625
636,-0.625,-0.16015625,0.7265625,0.9716831226384003,4.5166015625,-0.54931640625,-1.03759765625
637,-0.6171875,-0.16796875,0.7421875,0.9797837497575995,4.2724609375,-0.42724609375,-1.0986328125
638,-0.62890625,-0.1484375,0.73046875,0.9752647627295241,4.08935546875,-0.244140625,-1.15966796875
639,-0.625,-0.16015625,0.7265625,0.9716831226384003,4.08935546875,-0.06103515625,-1.15966796875
640,-0.625,-0.15234375,0.73046875,0.97335410457378,4.08935546875,0.18310546875,-1.220703125
641,-0.640625,-0.17578125,0.71484375,0.9758591216925858,4.2724609375,0.244140625,-0.9765625
642,-0.6328125,-0.13671875,0.73046875,0.976078004815381,4.39453125,0.3662109375,-1.220703125
643,-0.62109375,-0.15625,0.73046875,0.97147110276921,4.39453125,0.30517578125,-1.15966796875
644,-0.62890625,-0.14453125,0.73828125,0.9805465606574669,4.45556640625,0.244140625,-1.0986328125
645,-0.62890625,-0.15234375,0.7265625,0.9729464301077295,4.45556640625,0.1220703125,-1.15966796875
646,-0.6328125,-0.1484375,0.7265625,0.9748735394751209,4.39453125,0.06103515625,-1.03759765625
647,-0.63671875,-0.140625,0.73046875,0.9791683981589301,4.33349609375,0.244140625,-0.9765625
648,-0.6328125,-0.1328125,0.734375,0.9784668931228588,4.2724609375,0.1220703125,-0.8544921875
649,-0.625,-0.1484375,0.74609375,0.9845377469631688,4.21142578125,0.1220703125,-0.79345703125
650,-0.640625,-0.1484375,0.72265625,0.9770701805373616,4.150390625,0.18310546875,-0.8544921875
651,-0.63671875,-0.16015625,0.7265625,0.9792618941947425,4.0283203125,0.30517578125,-0.8544921875
652,-0.63671875,-0.16796875,0.72265625,0.977679049198758,3.7841796875,0.3662109375,-0.79345703125
653,-0.62890625,-0.16015625,0.73828125,0.9829711591927239,3.72314453125,0.48828125,-0.8544921875
654,-0.62890625,-0.140625,0.73046875,0.9741062861108253,3.72314453125,0.48828125,-0.91552734375
655,-0.625,-0.140625,0.73828125,0.9774761351186854,3.90625,0.48828125,-0.8544921875
656,-0.625,-0.14453125,0.72265625,0.9663055096037821,4.0283203125,0.48828125,-0.8544921875
657,-0.6171875,-0.13671875,0.72265625,0.9601273261510033,4.150390625,0.42724609375,-0.91552734375
658,-0.62109375,-0.1484375,0.71875,0.961453431111103,4.2724609375,0.42724609375,-0.8544921875
659,-0.6328125,-0.140625,0.71484375,0.9650018848143834,4.2724609375,0.30517578125,-0.91552734375
660,-0.62890625,-0.15234375,0.73828125,0.9817285233478181,4.33349609375,0.1220703125,-0.91552734375
661,-0.62890625,-0.140625,0.734375,0.9770389462754606,4.5166015625,0.06103515625,-0.9765625
662,-0.6328125,-0.15625,0.734375,0.9819227888593125,4.57763671875,0.06103515625,-0.91552734375
663,-0.6171875,-0.14453125,0.734375,0.9701115054506944,4.5166015625,-0.06103515625,-0.91552734375
664,-0.62890625,-0.15625,0.734375,0.9794099113313396,4.638671875,-0.06103515625,-0.8544921875
665,-0.62890625,-0.14453125,0.73828125,0.9805465606574669,4.638671875,-0.1220703125,-0.9765625
666,-0.6328125,-0.14453125,0.75,0.9918875653937862,4.69970703125,-0.18310546875,-0.9765625
667,-0.625,-0.14453125,0.73828125,0.9780457485864988,4.7607421875,-0.1220703125,-0.9765625
668,-0.62109375,-0.15625,0.73046875,0.97147110276921,4.82177734375,-0.1220703125,-1.0986328125
669,-0.625,-0.13671875,0.73828125,0.9769218088993228,4.82177734375,-0.06103515625,-1.03759765625
670,-0.6171875,-0.1484375,0.734375,0.9707011600835244,4.82177734375,0.0,-1.03759765625
671,-0.625,-0.14453125,0.7265625,0.9692302866877471,4.7607421875,0.06103515625,-1.0986328125
672,-0.62890625,-0.13671875,0.734375,0.97648437187475,4.7607421875,0.18310546875,-0.91552734375
673,-0.625,-0.13671875,0.76171875,0.9947524670505347,4.69970703125,0.18310546875,-0.79345703125
674,-0.625,-0.14453125,0.7421875,0.980997740763358,4.69970703125,0.18310546875,-0.8544921875
675,-0.625,-0.13671875,0.73828125,0.9769218088993228,4.69970703125,0.244140625,-0.8544921875
676,-0.625,-0.140625,0.7109375,0.9569913894760235,4.69970703125,0.30517578125,-0.91552734375
677,-0.625,-0.140625,0.73828125,0.9774761351186854,4.638671875,0.3662109375,-0.8544921875
678,-0.61328125,-0.14453125,0.73828125,0.9705989789453148,4.57763671875,0.3662109375,-0.91552734375
679,-0.6328125,-0.12890625,0.7265625,0.9720913269089291,4.5166015625,0.244140625,-0.79345703125
680,-0.6328125,-0.13671875,0.734375,0.9790047586109132,4.5166015625,0.1220703125,-0.732421875
681,-0.6328125,-0.13671875,0.73046875,0.976078004815381,4.5166015625,0.0,-0.8544921875
682,-0.62890625,-0.14453125,0.734375,0.9776088144757211,4.45556640625,-0.06103515625,-0.91552734375
683,-0.6328125,-0.1328125,0.734375,0.9784668931228588,4.39453125,-0.244140625,-0.91552734375
684,-0.63671875,-0.15234375,0.70703125,0.9635935726447056,4.39453125,-0.3662109375,-0.91552734375
685,-0.640625,-0.13671875,0.71875,0.9724679787666854,4.2724609375,-0.3662109375,-0.9765625
686,-0.6328125,-0.14453125,0.734375,0.9801263097212586,4.39453125,-0.3662109375,-1.03759765625
687,-0.625,-0.1484375,0.72265625,0.9668974852952678,4.33349609375,-0.30517578125,-0.9765625
688,-0.625,-0.140625,0.734375,0.9745291330945423,4.39453125,-0.30517578125,-1.03759765625
689,-0.63671875,-0.15234375,0.7421875,0.9896775585623203,4.45556640625,-0.3662109375,-1.15966796875
690,-0.6171875,-0.15234375,0.734375,0.9713061664301903,4.5166015625,-0.3662109375,-1.0986328125
691,-0.625,-0.15234375,0.73828125,0.9792307298413511,4.638671875,-0.3662109375,-1.0986328125
692,-0.62890625,-0.1484375,0.7421875,0.9840726842319943,4.69970703125,-0.3662109375,-1.0986328125
693,-0.640625,-0.15234375,0.73046875,0.9834600162261936,4.7607421875,-0.48828125,-1.15966796875
694,-0.61328125,-0.15625,0.734375,0.9694506664738348,4.7607421875,-0.48828125,-1.0986328125
695,-0.63671875,-0.1484375,0.71875,0.9716203067596995,4.69970703125,-0.48828125,-1.03759765625
696,-0.625,-0.140625,0.734375,0.9745291330945423,4.69970703125,-0.42724609375,-1.03759765625
697,-0.6328125,-0.15234375,0.7265625,0.9754759580464105,4.638671875,-0.42724609375,-1.03759765625
698,-0.62109375,-0.13671875,0.73046875,0.9685215834544874,4.638671875,-0.48828125,-1.03759765625
699,-0.6171875,-0.1484375,0.74609375,0.9795968483777204,4.57763671875,-0.42724609375,-0.91552734375
700,-0.6171875,-0.1484375,0.7421875,0.976624998000128,4.5166015625,-0.30517578125,-0.8544921875
701,-0.6171875,-0.14453125,0.73046875,0.967157839811773,4.33349609375,-0.30517578125,-0.91552734375
702,-0.6328125,-0.1328125,0.70703125,0.9581148202533256,4.33349609375,-0.3662109375,-0.9765625
703,-0.62890625,-0.1328125,0.7265625,0.970080047136092,4.21142578125,-0.18310546875,-0.9765625
704,-0.62890625,-0.1328125,0.7421875,0.9818373167697195,4.08935546875,0.0,-0.9765625
705,-0.625,-0.16015625,0.72265625,0.9687657508800179,4.150390625,0.1220703125,-1.0986328125
706,-0.640625,-0.1328125,0.71484375,0.969041349837721,4.2724609375,0.18310546875,-1.0986328125
707,-0.62109375,-0.15234375,0.73046875,0.9708504824017381,4.2724609375,0.244140625,-1.0986328125
708,-0.62109375,-0.140625,0.73828125,0.9749830978102262,4.21142578125,0.18310546875,-1.0986328125
709,-0.62109375,-0.14453125,0.7265625,0.9667159846210649,4.21142578125,0.1220703125,-1.0986328125
710,-0.63671875,-0.1484375,0.734375,0.9832350169887221,4.08935546875,0.0,-0.9765625
711,-0.6328125,-0.1484375,0.7265625,0.9748735394751209,4.08935546875,0.0,-0.9765625
712,-0.625,-0.14453125,0.7421875,0.980997740763358,4.0283203125,-0.1220703125,-0.9765625
713,-0.62890625,-0.13671875,0.72265625,0.9677019910874873,4.0283203125,-0.18310546875,-0.9765625
714,-0.62109375,-0.14453125,0.72265625,0.96378357745901,3.96728515625,-0.244140625,-0.91552734375
715,-0.6328125,-0.15234375,0.73828125,0.9842354811841905,4.08935546875,-0.18310546875,-0.9765625
716,-0.6328125,-0.1328125,0.72265625,0.9697024677583133,4.08935546875,-0.1220703125,-0.9765625
717,-0.59765625,-0.15625,0.72265625,0.9507045341893163,4.08935546875,-0.06103515625,-0.91552734375
718,-0.63671875,-0.140625,0.73046875,0.9791683981589301,4.08935546875,-0.06103515625,-0.9765625
719,-0.62890625,-0.1484375,0.73828125,0.9811299438896333,3.96728515625,0.0,-0.8544921875
720,-0.625,-0.140625,0.72265625,0.9657289714454375,3.96728515625,0.1220703125,-0.91552734375
721,-0.6171875,-0.15234375,0.73046875,0.9683561447354352,3.7841796875,0.18310546875,-0.91552734375
722,-0.625,-0.1484375,0.72265625,0.9668974852952678,3.7841796875,0.244140625,-0.91552734375
723,-0.62890625,-0.14453125,0.74609375,0.9864422118424817,3.72314453125,0.3662109375,-0.79345703125
724,-0.625,-0.1484375,0.7421875,0.981580855845559,3.72314453125,0.3662109375,-0.67138671875
725,-0.62109375,-0.1484375,0.73828125,0.9761405338356127,3.662109375,0.3662109375,-0.67138671875
726,-0.61328125,-0.140625,0.7578125,0.9849716073993262,3.662109375,0.42724609375,-0.732421875
727,-0.60546875,-0.140625,0.73828125,0.9651046585490741,3.662109375,0.42724609375,-0.67138671875
728,-0.61328125,-0.1328125,0.72265625,0.9570711088638477,3.72314453125,0.30517578125,-0.67138671875
729,-0.6171875,-0.13671875,0.75,0.9808732980144849,3.72314453125,0.244140625,-0.79345703125
730,-0.61328125,-0.1328125,0.734375,0.9659501500506186,3.84521484375,0.244140625,-0.732421875
731,-0.62109375,-0.13671875,0.7578125,0.9893074588048323,3.7841796875,0.30517578125,-0.6103515625
732,-0.609375,-0.140625,0.7421875,0.9705439538765104,3.7841796875,0.18310546875,-0.67138671875
733,-0.625,-0.12890625,0.74609375,0.9817829215657222,3.84521484375,0.1220703125,-0.79345703125
734,-0.62890625,-0.13671875,0.734375,0.97648437187475,3.72314453125,0.0,-0.79345703125
735,-0.62109375,-0.13671875,0.7421875,0.9773902741724387,3.662109375,-0.06103515625,-0.732421875
736,-0.6171875,-0.16015625,0.73828125,0.9755150632726668,3.662109375,0.0,-0.79345703125
737,-0.640625,-0.1328125,0.73828125,0.9864576802290165,3.5400390625,-0.06103515625,-0.91552734375
738,-0.625,-0.140625,0.73046875,0.9715888972973922,3.5400390625,0.1220703125,-0.9765625
739,-0.625,-0.13671875,0.73828125,0.9769218088993228,3.5400390625,0.18310546875,-0.9765625
740,-0.6171875,-0.1484375,0.7421875,0.976624998000128,3.5400390625,0.3662109375,-0.91552734375
741,-0.625,-0.13671875,0.73828125,0.9769218088993228,3.5400390625,0.3662109375,-0.9765625
742,-0.62109375,-0.14453125,0.73046875,0.9696552599982055,3.5400390625,0.3662109375,-0.91552734375
743,-0.6328125,-0.13671875,0.73828125,0.9819383284399154,3.60107421875,0.42724609375,-0.8544921875
744,-0.6328125,-0.140625,0.73828125,0.9824898243151491,3.5400390625,0.48828125,-0.732421875
745,-0.6171875,-0.1484375,0.7421875,0.976624998000128,3.5400390625,0.48828125,-0.79345703125
746,-0.6328125,-0.13671875,0.7421875,0.984878653395464,3.662109375,0.54931640625,-0.79345703125
747,-0.62109375,-0.1484375,0.734375,0.9731894873663158,3.662109375,0.54931640625,-0.732421875
748,-0.62890625,-0.14453125,0.734375,0.9776088144757211,3.60107421875,0.54931640625,-0.732421875
749,-0.62109375,-0.13671875,0.73828125,0.9744273533682167,3.5400390625,0.48828125,-0.732421875
750,-0.625,-0.140625,0.7578125,0.9923105238690407,3.5400390625,0.3662109375,-0.67138671875
751,-0.625,-0.140625,0.73828125,0.9774761351186854,3.47900390625,0.30517578125,-0.6103515625
752,-0.609375,-0.15625,0.734375,0.9669842779228626,3.60107421875,0.18310546875,-0.48828125
753,-0.625,-0.140625,0.73828125,0.9774761351186854,3.662109375,0.1220703125,-0.67138671875
754,-0.625,-0.14453125,0.7265625,0.9692302866877471,3.662109375,0.1220703125,-0.732421875
755,-0.62890625,-0.12890625,0.73828125,0.9783655230432476,3.72314453125,0.18310546875,-0.67138671875
756,-0.6171875,-0.1484375,0.7421875,0.976624998000128,3.72314453125,0.244140625,-0.732421875
757,-0.62109375,-0.140625,0.75390625,0.9868675041276438,3.72314453125,0.30517578125,-0.732421875
758,-0.62109375,-0.13671875,0.73046875,0.9685215834544874,3.72314453125,0.30517578125,-0.8544921875
759,-0.6171875,-0.140625,0.73828125,0.9724993598367109,3.47900390625,0.48828125,-0.79345703125
760,-0.625,-0.13671875,0.72265625,0.965167898484831,3.35693359375,0.3662109375,-0.732421875
761,-0.62890625,-0.14453125,0.7578125,0.9953351891055973,3.23486328125,0.30517578125,-0.79345703125
762,-0.62890625,-0.140625,0.74609375,0.9858774496371874,3.2958984375,0.30517578125,-0.732421875
763,-0.625,-0.140625,0.734375,0.9745291330945423,3.35693359375,0.30517578125,-0.732421875
764,-0.625,-0.14453125,0.734375,0.9751004680808858,3.35693359375,0.244140625,-0.732421875
765,-0.625,-0.14453125,0.73828125,0.9780457485864988,3.5400390625,0.1220703125,-0.67138671875
766,-0.61328125,-0.14453125,0.75,0.9795423287577342,3.60107421875,0.06103515625,-0.732421875
767,-0.61328125,-0.140625,0.734375,0.9670552842788062,3.662109375,0.06103515625,-0.6103515625
768,-0.62109375,-0.1484375,0.7421875,0.9790982702729908,3.662109375,0.1220703125,-0.732421875
769,-0.62109375,-0.140625,0.73828125,0.9749830978102262,3.662109375,0.18310546875,-0.732421875
770,-0.625,-0.13671875,0.7421875,0.9798771870789791,3.60107421875,0.30517578125,-0.67138671875
771,-0.62890625,-0.14453125,0.72265625,0.9688366266712296,3.41796875,0.48828125,-0.67138671875
772,-0.6328125,-0.12890625,0.73828125,0.9808810761488239,3.41796875,0.67138671875,-0.6103515625
773,-0.62109375,-0.140625,0.75,0.983886597588392,3.35693359375,0.732421875,-0.54931640625
774,-0.625,-0.15234375,0.734375,0.9762890242080275,3.2958984375,0.8544921875,-0.67138671875
775,-0.625,-0.1484375,0.7421875,0.981580855845559,3.23486328125,0.8544921875,-0.732421875
776,-0.6328125,-0.13671875,0.734375,0.9790047586109132,3.2958984375,0.91552734375,-0.67138671875
777,-0.625,-0.1484375,0.73828125,0.9786306226088638,3.23486328125,0.91552734375,-0.67138671875
778,-0.62890625,-0.1328125,0.7421875,0.9818373167697195,3.11279296875,0.9765625,-0.6103515625
779,-0.625,-0.13671875,0.75390625,0.9887829136825863,2.86865234375,1.03759765625,-0.54931640625
780,-0.62109375,-0.12890625,0.7265625,0.9645036723540118,2.74658203125,1.15966796875,-0.48828125
781,-0.625,-0.14453125,0.73828125,0.9780457485864988,2.5634765625,1.28173828125,-0.48828125
782,-0.625,-0.13671875,0.7421875,0.9798771870789791,2.44140625,1.220703125,-0.48828125
783,-0.62109375,-0.140625,0.74609375,0.9809121880694138,2.3193359375,1.15966796875,-0.42724609375
784,-0.625,-0.14453125,0.75,0.9869216190896634,2.44140625,1.03759765625,-0.48828125
785,-0.62109375,-0.140625,0.75,0.983886597588392,2.44140625,0.9765625,-0.42724609375
786,-0.62109375,-0.13671875,0.73828125,0.9744273533682167,2.5634765625,0.91552734375,-0.67138671875
787,-0.6328125,-0.13671875,0.734375,0.9790047586109132,2.5634765625,0.91552734375,-0.67138671875
788,-0.62109375,-0.140625,0.7421875,0.9779443348526093,2.685546875,0.9765625,-0.6103515625
789,-0.625,-0.13671875,0.75390625,0.9887829136825863,2.62451171875,1.15966796875,-0.6103515625
790,-0.625,-0.12890625,0.73046875,0.9699620693695321,2.50244140625,1.28173828125,-0.6103515625
791,-0.62109375,-0.14453125,0.7421875,0.9785136757715116,2.44140625,1.3427734375,-0.54931640625
792,-0.625,-0.140625,0.71484375,0.9598968577608026,2.38037109375,1.3427734375,-0.54931640625
793,-0.62890625,-0.14453125,0.74609375,0.9864422118424817,2.25830078125,1.3427734375,-0.48828125
794,-0.62109375,-0.15234375,0.734375,0.9737929477451174,2.197265625,1.3427734375,-0.42724609375
795,-0.625,-0.14453125,0.73046875,0.972161960247944,2.197265625,1.40380859375,-0.42724609375
796,-0.62109375,-0.1484375,0.734375,0.9731894873663158,2.25830078125,1.40380859375,-0.3662109375
797,-0.6328125,-0.13671875,0.72265625,0.9702451919086613,2.25830078125,1.46484375,-0.30517578125
798,-0.609375,-0.14453125,0.74609375,0.9741062861108253,2.38037109375,1.3427734375,-0.30517578125
799,-0.62890625,-0.1328125,0.73828125,0.9788878564712482,2.44140625,1.28173828125,-0.3662109375
800,-0.62109375,-0.140625,0.734375,0.9720285374098142,2.50244140625,1.0986328125,-0.3662109375
801,-0.62109375,-0.13671875,0.7421875,0.9773902741724387,2.5634765625,1.03759765625,-0.3662109375
802,-0.6171875,-0.13671875,0.73046875,0.9660212324190266,2.5634765625,0.9765625,-0.54931640625
803,-0.62109375,-0.140625,0.7265625,0.9661396914112951,2.50244140625,0.91552734375,-0.3662109375
804,-0.60546875,-0.1484375,0.73828125,0.9662739273800028,2.50244140625,0.79345703125,-0.48828125
805,-0.625,-0.15625,0.73828125,0.9798460422951978,2.50244140625,0.8544921875,-0.48828125
806,-0.625,-0.1484375,0.73828125,0.9786306226088638,2.44140625,0.9765625,-0.42724609375
807,-0.62109375,-0.140625,0.73046875,0.9690807147191739,2.50244140625,1.03759765625,-0.42724609375
808,-0.61328125,-0.140625,0.7421875,0.9730013193119589,2.50244140625,1.03759765625,-0.244140625
809,-0.62109375,-0.1484375,0.7421875,0.9790982702729908,2.50244140625,1.220703125,-0.30517578125
810,-0.61328125,-0.13671875,0.7421875,0.9724444422995974,2.50244140625,1.3427734375,-0.3662109375
811,-0.62109375,-0.15234375,0.734375,0.9737929477451174,2.44140625,1.52587890625,-0.30517578125
812,-0.62109375,-0.140625,0.734375,0.9720285374098142,2.44140625,1.5869140625,-0.244140625
813,-0.625,-0.140625,0.7421875,0.9804298423555099,2.38037109375,1.708984375,-0.30517578125
814,-0.6328125,-0.13671875,0.75,0.9907793279826808,2.25830078125,1.77001953125,-0.1220703125
815,-0.640625,-0.12890625,0.734375,0.9830177274795519,2.13623046875,1.8310546875,-0.06103515625
816,-0.63671875,-0.125,0.73828125,0.982901302625612,2.01416015625,1.8310546875,0.0
817,-0.62109375,-0.140625,0.73046875,0.9690807147191739,1.953125,1.708984375,-0.06103515625
818,-0.63671875,-0.13671875,0.73046875,0.978615030504686,2.01416015625,1.64794921875,-0.06103515625
819,-0.62890625,-0.13671875,0.73828125,0.9794254907812985,2.01416015625,1.708984375,-0.1220703125
820,-0.62109375,-0.125,0.75,0.9817751505762725,2.0751953125,1.52587890625,-0.1220703125
821,-0.6328125,-0.14453125,0.734375,0.9801263097212586,2.0751953125,1.52587890625,-0.1220703125
822,-0.61328125,-0.1484375,0.73828125,0.9711883376098454,2.0751953125,1.52587890625,-0.18310546875
823,-0.62890625,-0.14453125,0.72265625,0.9688366266712296,2.0751953125,1.40380859375,-0.244140625
824,-0.625,-0.14453125,0.7421875,0.980997740763358,2.0751953125,1.3427734375,-0.30517578125
825,-0.640625,-0.14453125,0.73828125,0.9881036772288245,2.0751953125,1.3427734375,-0.244140625
826,-0.640625,-0.125,0.73828125,0.9854362458964875,2.01416015625,1.3427734375,-0.42724609375
827,-0.62890625,-0.140625,0.73046875,0.9741062861108253,2.0751953125,1.28173828125,-0.48828125
828,-0.6328125,-0.13671875,0.74609375,0.98782567315639,2.01416015625,1.3427734375,-0.54931640625
829,-0.62109375,-0.13671875,0.73828125,0.9744273533682167,1.953125,1.3427734375,-0.54931640625
830,-0.625,-0.14453125,0.734375,0.9751004680808858,2.0751953125,1.46484375,-0.67138671875
831,-0.62109375,-0.15234375,0.734375,0.9737929477451174,2.13623046875,1.28173828125,-0.6103515625
832,-0.62890625,-0.1484375,0.7421875,0.9840726842319943,2.197265625,1.3427734375,-0.48828125
833,-0.62109375,-0.14453125,0.7421875,0.9785136757715116,2.197265625,1.28173828125,-0.67138671875
834,-0.625,-0.140625,0.7265625,0.9686554893414119,2.197265625,1.28173828125,-0.48828125
835,-0.60546875,-0.15234375,0.7421875,0.9698676768234288,2.197265625,1.3427734375,-0.3662109375
836,-0.625,-0.14453125,0.75,0.9869216190896634,2.13623046875,1.28173828125,-0.48828125
837,-0.640625,-0.11328125,0.7265625,0.9752569398024361,2.197265625,1.3427734375,-0.48828125
838,-0.625,-0.14453125,0.734375,0.9751004680808858,2.25830078125,1.40380859375,-0.42724609375
839,-0.61328125,-0.1484375,0.73046875,0.9652627506199413,2.25830078125,1.40380859375,-0.3662109375
840,-0.6171875,-0.140625,0.73828125,0.9724993598367109,2.3193359375,1.3427734375,-0.42724609375
841,-0.625,-0.14453125,0.734375,0.9751004680808858,2.197265625,1.3427734375,-0.30517578125
842,-0.6328125,-0.13671875,0.73046875,0.976078004815381,2.13623046875,1.3427734375,-0.3662109375
843,-0.62109375,-0.13671875,0.734375,0.97147110276921,2.01416015625,1.3427734375,-0.30517578125
844,-0.625,-0.140625,0.7265625,0.9686554893414119,1.89208984375,1.46484375,-0.3662109375
845,-0.6328125,-0.140625,0.71875,0.9678990718464658,1.708984375,1.52587890625,-0.3662109375
846,-0.62109375,-0.1484375,0.74609375,0.9820626362327278,1.77001953125,1.52587890625,-0.42724609375
847,-0.609375,-0.140625,0.7265625,0.9586481876351981,1.8310546875,1.5869140625,-0.48828125
848,-0.6328125,-0.14453125,0.73046875,0.977202915012729,1.89208984375,1.64794921875,-0.6103515625
849,-0.62109375,-0.1484375,0.734375,0.9731894873663158,1.953125,1.5869140625,-0.48828125
850,-0.62109375,-0.1484375,0.73828125,0.9761405338356127,2.01416015625,1.5869140625,-0.54931640625
851,-0.61328125,-0.15625,0.73046875,0.9664949812741528,1.953125,1.52587890625,-0.48828125
852,-0.62890625,-0.140625,0.7421875,0.9829245886996176,1.953125,1.28173828125,-0.3662109375
853,-0.625,-0.140625,0.7265625,0.9686554893414119,2.01416015625,1.28173828125,-0.3662109375
854,-0.62890625,-0.16015625,0.734375,0.9800406809557065,2.0751953125,1.220703125,-0.3662109375
855,-0.6171875,-0.140625,0.73046875,0.9665818100439365,2.13623046875,1.220703125,-0.3662109375
856,-0.62109375,-0.13671875,0.734375,0.97147110276921,2.197265625,1.220703125,-0.42724609375
857,-0.63671875,-0.13671875,0.73828125,0.9844602517647361,2.3193359375,1.15966796875,-0.3662109375
858,-0.62890625,-0.140625,0.7109375,0.9595470758750257,2.3193359375,1.0986328125,-0.3662109375
859,-0.6171875,-0.15234375,0.765625,0.9951435418799202,2.3193359375,1.220703125,-0.3662109375
860,-0.62890625,-0.15234375,0.7421875,0.9846694748032839,2.197265625,1.220703125,-0.42724609375
861,-0.62890625,-0.13671875,0.7265625,0.9706225601627416,2.197265625,1.3427734375,-0.48828125
862,-0.6328125,-0.1484375,0.73046875,0.977788293184707,2.0751953125,1.40380859375,-0.54931640625
863,-0.6328125,-0.14453125,0.734375,0.9801263097212586,1.953125,1.46484375,-0.6103515625
864,-0.625,-0.14453125,0.7265625,0.9692302866877471,1.89208984375,1.52587890625,-0.48828125
865,-0.64453125,-0.125,0.72265625,0.9763593538706049,2.13623046875,1.52587890625,-0.54931640625
866,-0.62890625,-0.15234375,0.72265625,0.9700328577513173,2.13623046875,1.46484375,-0.48828125
867,-0.6328125,-0.1484375,0.7265625,0.9748735394751209,2.13623046875,1.40380859375,-0.6103515625
868,-0.625,-0.13671875,0.73828125,0.9769218088993228,2.25830078125,1.3427734375,-0.54931640625
869,-0.625,-0.140625,0.7421875,0.9804298423555099,2.25830078125,1.28173828125,-0.54931640625
870,-0.63671875,-0.140625,0.72265625,0.97335410457378,2.38037109375,1.15966796875,-0.48828125
871,-0.6171875,-0.15625,0.71875,0.9601750023595959,2.44140625,1.0986328125,-0.54931640625
872,-0.62109375,-0.14453125,0.73046875,0.9696552599982055,2.50244140625,1.03759765625,-0.67138671875
873,-0.6171875,-0.1484375,0.73828125,0.9736597484049869,2.50244140625,0.8544921875,-0.6103515625
874,-0.62890625,-0.14453125,0.7421875,0.9834910465641642,2.50244140625,0.79345703125,-0.6103515625
875,-0.6328125,-0.140625,0.73046875,0.9766328099689322,2.44140625,0.6103515625,-0.67138671875
876,-0.62890625,-0.15625,0.73046875,0.97648437187475,2.44140625,0.67138671875,-0.79345703125
877,-0.62890625,-0.14453125,0.734375,0.9776088144757211,2.44140625,0.732421875,-0.91552734375
878,-0.62890625,-0.15234375,0.71484375,0.9642267764209763,2.5634765625,0.8544921875,-0.91552734375
879,-0.64453125,-0.12890625,0.7265625,0.9797603890349288,2.62451171875,0.8544921875,-0.91552734375
880,-0.64453125,-0.140625,0.72265625,0.9784824875876037,2.685546875,0.91552734375,-0.91552734375
881,-0.63671875,-0.13671875,0.7421875,0.9873930667972988,2.685546875,0.91552734375,-0.91552734375
882,-0.62890625,-0.1328125,0.7265625,0.970080047136092,2.62451171875,0.91552734375,-0.732421875
883,-0.62890625,-0.14453125,0.71875,0.9659264547653849,2.74658203125,0.91552734375,-0.79345703125
884,-0.63671875,-0.1328125,0.734375,0.980997740763358,2.8076171875,0.8544921875,-0.79345703125
885,-0.625,-0.14453125,0.72265625,0.9663055096037821,2.9296875,0.8544921875,-0.79345703125
886,-0.6171875,-0.1484375,0.72265625,0.9618659767486125,2.9296875,0.91552734375,-0.67138671875
887,-0.63671875,-0.14453125,0.71875,0.9710312102749967,3.0517578125,0.8544921875,-0.54931640625
888,-0.62890625,-0.140625,0.71484375,0.9624448289788485,3.0517578125,0.79345703125,-0.6103515625
889,-0.63671875,-0.13671875,0.734375,0.9815342193872433,2.99072265625,0.6103515625,-0.6103515625
890,-0.63671875,-0.15234375,0.7421875,0.9896775585623203,3.0517578125,0.54931640625,-0.54931640625
891,-0.609375,-0.1640625,0.7265625,0.9623655547334911,3.11279296875,0.48828125,-0.54931640625
892,-0.6328125,-0.14453125,0.73828125,0.9830565327001164,3.11279296875,0.48828125,-0.54931640625
893,-0.640625,-0.15234375,0.7265625,0.9805621220480182,3.173828125,0.54931640625,-0.54931640625
894,-0.63671875,-0.1484375,0.73046875,0.9803208927358301,3.173828125,0.54931640625,-0.6103515625
895,-0.6328125,-0.140625,0.73046875,0.9766328099689322,3.11279296875,0.54931640625,-0.54931640625
896,-0.625,-0.15625,0.734375,0.9769061895212866,3.0517578125,0.54931640625,-0.54931640625
897,-0.6328125,-0.1484375,0.73046875,0.977788293184707,3.11279296875,0.67138671875,-0.67138671875
898,-0.6328125,-0.14453125,0.7265625,0.9742864100402214,3.11279296875,0.67138671875,-0.732421875
899,-0.62890625,-0.15234375,0.734375,0.9787943247067409,2.99072265625,0.6103515625,-0.54931640625
900,-0.625,-0.14453125,0.73046875,0.972161960247944,2.99072265625,0.6103515625,-0.6103515625
901,-0.62890625,-0.13671875,0.72265625,0.9677019910874873,2.9296875,0.54931640625,-0.67138671875
902,-0.62890625,-0.13671875,0.71484375,0.9618818403549823,2.86865234375,0.54931640625,-0.67138671875
903,-0.63671875,-0.13671875,0.73828125,0.9844602517647361,2.9296875,0.48828125,-0.6103515625
904,-0.609375,-0.13671875,0.7265625,0.9580829680318989,2.8076171875,0.42724609375,-0.42724609375
905,-0.6328125,-0.13671875,0.73828125,0.9819383284399154,2.74658203125,0.30517578125,-0.3662109375
906,-0.6171875,-0.14453125,0.71875,0.9583377561605368,2.8076171875,0.244140625,-0.3662109375
907,-0.62109375,-0.15625,0.73046875,0.97147110276921,2.86865234375,0.244140625,-0.48828125
908,-0.63671875,-0.15234375,0.73046875,0.980919965895377,3.0517578125,0.18310546875,-0.54931640625
909,-0.6328125,-0.16015625,0.73828125,0.9854749558826318,3.11279296875,0.30517578125,-0.54931640625
910,-0.625,-0.1484375,0.73046875,0.9727503719520298,3.23486328125,0.244140625,-0.54931640625
911,-0.61328125,-0.1484375,0.734375,0.9682221974489185,3.2958984375,0.30517578125,-0.54931640625
912,-0.62890625,-0.15625,0.71484375,0.9648516573562617,3.23486328125,0.48828125,-0.54931640625
913,-0.66015625,-0.1328125,0.74609375,1.0050379686158006,3.23486328125,0.6103515625,-0.6103515625
914,-0.6171875,-0.13671875,0.734375,0.9689783627010525,2.99072265625,0.6103515625,-0.54931640625
915,-0.6328125,-0.140625,0.734375,0.9795579061016505,2.9296875,0.732421875,-0.54931640625
916,-0.6328125,-0.14453125,0.73828125,0.9830565327001164,2.8076171875,0.6103515625,-0.54931640625
917,-0.62890625,-0.15234375,0.734375,0.9787943247067409,2.8076171875,0.6103515625,-0.48828125
918,-0.62890625,-0.14453125,0.73828125,0.9805465606574669,2.8076171875,0.54931640625,-0.6103515625
919,-0.625,-0.1484375,0.74609375,0.9845377469631688,2.86865234375,0.54931640625,-0.54931640625
920,-0.625,-0.1484375,0.73828125,0.9786306226088638,2.9296875,0.42724609375,-0.48828125
921,-0.6328125,-0.14453125,0.7421875,0.9859935230715577,2.9296875,0.42724609375,-0.48828125
922,-0.640625,-0.15234375,0.7421875,0.9921951894387074,2.86865234375,0.42724609375,-0.54931640625
923,-0.61328125,-0.15234375,0.7421875,0.974763968826236,2.86865234375,0.48828125,-0.6103515625
924,-0.6171875,-0.13671875,0.75390625,0.9838633342832098,2.9296875,0.6103515625,-0.67138671875
925,-0.62890625,-0.1484375,0.734375,0.9781939497463233,2.99072265625,0.67138671875,-0.67138671875
926,-0.625,-0.14453125,0.734375,0.9751004680808858,2.99072265625,0.67138671875,-0.732421875
927,-0.62109375,-0.15625,0.7421875,0.9803131101568072,3.11279296875,0.6103515625,-0.79345703125
928,-0.625,-0.14453125,0.73046875,0.972161960247944,3.173828125,0.48828125,-0.8544921875
929,-0.63671875,-0.15234375,0.73046875,0.980919965895377,3.23486328125,0.30517578125,-0.8544921875
930,-0.62109375,-0.15234375,0.7265625,0.9679148365736394,3.35693359375,0.244140625,-0.732421875
931,-0.62890625,-0.140625,0.7421875,0.9829245886996176,3.35693359375,0.244140625,-0.79345703125
932,-0.63671875,-0.14453125,0.734375,0.9826528835011502,3.35693359375,0.30517578125,-0.79345703125
933,-0.625,-0.14453125,0.73046875,0.972161960247944,3.23486328125,0.48828125,-0.91552734375
934,-0.6328125,-0.15625,0.734375,0.9819227888593125,3.173828125,0.6103515625,-0.91552734375
935,-0.63671875,-0.1484375,0.73828125,0.9861560029272118,3.173828125,0.67138671875,-0.9765625
936,-0.6328125,-0.140625,0.7421875,0.9854285037167841,3.23486328125,0.91552734375,-0.91552734375
937,-0.63671875,-0.14453125,0.73046875,0.979737027755248,3.173828125,1.03759765625,-0.8544921875
938,-0.62109375,-0.15234375,0.75,0.9856297806241069,3.173828125,1.15966796875,-0.91552734375
939,-0.6171875,-0.15234375,0.734375,0.9713061664301903,3.23486328125,1.220703125,-0.91552734375
940,-0.63671875,-0.1484375,0.73046875,0.9803208927358301,3.173828125,1.15966796875,-0.9765625
941,-0.62890625,-0.15234375,0.73046875,0.9758669397923507,3.23486328125,1.220703125,-0.9765625
942,-0.62109375,-0.15625,0.71875,0.9626905376542675,3.41796875,1.15966796875,-1.03759765625
943,-0.62109375,-0.1484375,0.72265625,0.9643771012209772,3.47900390625,0.9765625,-0.9765625
944,-0.62890625,-0.15234375,0.71875,0.9671262854214671,3.60107421875,0.91552734375,-0.9765625
945,-0.6328125,-0.12890625,0.71875,0.9662660316627676,3.662109375,0.79345703125,-1.03759765625
946,-0.640625,-0.140625,0.70703125,0.9644008345737588,3.60107421875,0.54931640625,-0.9765625
947,-0.62890625,-0.13671875,0.73828125,0.9794254907812985,3.5400390625,0.3662109375,-0.91552734375
948,-0.63671875,-0.1328125,0.73046875,0.9780769506968126,3.41796875,0.30517578125,-0.91552734375
949,-0.62109375,-0.140625,0.73828125,0.9749830978102262,3.35693359375,0.3662109375,-0.9765625
950,-0.62109375,-0.140625,0.7421875,0.9779443348526093,3.35693359375,0.3662109375,-0.9765625
951,-0.62890625,-0.1484375,0.734375,0.9781939497463233,3.41796875,0.3662109375,-0.91552734375
952,-0.6328125,-0.15234375,0.7421875,0.9871689639958109,3.5400390625,0.3662109375,-1.03759765625
953,-0.625,-0.140625,0.734375,0.9745291330945423,3.60107421875,0.54931640625,-1.03759765625
954,-0.625,-0.14453125,0.7421875,0.980997740763358,3.84521484375,0.67138671875,-1.03759765625
955,-0.62890625,-0.16015625,0.71484375,0.9654919381419959,4.0283203125,0.79345703125,-0.9765625
956,-0.6328125,-0.15625,0.73828125,0.9848476667778691,4.150390625,0.8544921875,-1.03759765625
957,-0.6015625,-0.1484375,0.71875,0.9489534737343555,4.21142578125,0.91552734375,-0.9765625
958,-0.63671875,-0.13671875,0.71484375,0.9670079472875016,4.150390625,0.8544921875,-0.9765625
959,-0.625,-0.14453125,0.7265625,0.9692302866877471,4.21142578125,0.8544921875,-1.03759765625
960,-0.62109375,-0.14453125,0.71484375,0.9579396199289846,4.21142578125,0.79345703125,-1.15966796875
961,-0.6328125,-0.13671875,0.74609375,0.98782567315639,4.150390625,0.79345703125,-1.15966796875
962,-0.6328125,-0.14453125,0.73046875,0.977202915012729,4.150390625,0.6103515625,-1.0986328125
963,-0.62890625,-0.1484375,0.73828125,0.9811299438896333,4.21142578125,0.3662109375,-1.0986328125
964,-0.625,-0.140625,0.7265625,0.9686554893414119,4.150390625,0.42724609375,-1.220703125
965,-0.640625,-0.1328125,0.74609375,0.9923182123544405,4.08935546875,0.30517578125,-1.28173828125
966,-0.625,-0.14453125,0.71484375,0.960476896724031,4.08935546875,0.18310546875,-1.28173828125
967,-0.6328125,-0.12890625,0.71875,0.9662660316627676,4.0283203125,0.244140625,-1.28173828125
968,-0.6328125,-0.12109375,0.73046875,0.9740122951851661,3.90625,0.18310546875,-1.3427734375
969,-0.62109375,-0.1328125,0.7421875,0.9768515197314086,3.96728515625,0.1220703125,-1.28173828125
970,-0.63671875,-0.140625,0.73828125,0.9850103356453297,3.90625,0.244140625,-1.220703125
971,-0.6328125,-0.1328125,0.73828125,0.9814020707202846,3.90625,0.244140625,-1.28173828125
972,-0.62890625,-0.1484375,0.73828125,0.9811299438896333,3.84521484375,0.18310546875,-1.220703125
973,-0.62890625,-0.15234375,0.74609375,0.9876171187470312,3.84521484375,0.244140625,-1.0986328125
974,-0.625,-0.140625,0.734375,0.9745291330945423,3.90625,0.244140625,-1.0986328125
975,-0.6328125,-0.12890625,0.734375,0.9779443348526093,3.96728515625,0.18310546875,-1.03759765625
976,-0.62890625,-0.14453125,0.7265625,0.9717537856483375,3.96728515625,0.18310546875,-0.9765625
977,-0.62890625,-0.14453125,0.73828125,0.9805465606574669,3.96728515625,0.1220703125,-0.91552734375
978,-0.625,-0.15234375,0.7265625,0.970426032508564,3.90625,0.1220703125,-1.03759765625
979,-0.62109375,-0.1484375,0.7265625,0.967307709108928,3.96728515625,0.18310546875,-0.91552734375
980,-0.6171875,-0.14453125,0.73828125,0.9730718865964503,3.96728515625,0.1220703125,-0.9765625
981,-0.61328125,-0.13671875,0.74609375,0.9754290297054868,4.0283203125,0.1220703125,-0.9765625
982,-0.6328125,-0.14453125,0.73046875,0.977202915012729,4.0283203125,-0.06103515625,-0.9765625
983,-0.6328125,-0.13671875,0.7265625,0.9731581285505776,4.0283203125,-0.1220703125,-0.91552734375
984,-0.62890625,-0.1328125,0.75,0.9877561599126135,4.0283203125,-0.06103515625,-0.8544921875
985,-0.62890625,-0.1328125,0.73828125,0.9788878564712482,3.96728515625,0.0,-0.9765625
986,-0.6328125,-0.140625,0.73046875,0.9766328099689322,3.90625,-0.06103515625,-0.9765625
987,-0.625,-0.15625,0.734375,0.9769061895212866,3.96728515625,0.0,-0.9765625
988,-0.640625,-0.14453125,0.73046875,0.9822801370169942,3.90625,0.18310546875,-0.8544921875
989,-0.6015625,-0.1796875,0.72265625,0.9572863180504371,3.96728515625,0.1220703125,-0.8544921875
990,-0.625,-0.1484375,0.734375,0.9756871076483741,3.96728515625,0.1220703125,-0.91552734375
991,-0.62890625,-0.1484375,0.72265625,0.96942705675021,4.150390625,0.0,-1.03759765625
992,-0.625,-0.140625,0.734375,0.9745291330945423,4.0283203125,0.0,-1.03759765625
993,-0.62109375,-0.1484375,0.734375,0.9731894873663158,4.21142578125,0.0,-1.03759765625
994,-0.62109375,-0.15625,0.73828125,0.9773590501400317,4.21142578125,-0.1220703125,-1.0986328125
995,-0.6171875,-0.1328125,0.734375,0.9684349286025882,4.21142578125,-0.30517578125,-1.03759765625
996,-0.625,-0.14453125,0.75,0.9869216190896634,4.21142578125,-0.30517578125,-0.9765625
997,-0.62109375,-0.14453125,0.71484375,0.9579396199289846,4.21142578125,-0.48828125,-1.03759765625
998,-0.6328125,-0.15234375,0.74609375,0.9901091667636327,4.150390625,-0.48828125,-0.9765625
999,-0.62109375,-0.14453125,0.71875,0.9608581013945946,4.2724609375,-0.54931640625,-0.91552734375
1000,-0.63671875,-0.1484375,0.7265625,0.9774136915421547,4.2724609375,-0.48828125,-0.9765625
1001,-0.625,-0.1484375,0.7265625,0.9698204771051703,4.33349609375,-0.48828125,-0.91552734375
1002,-0.62890625,-0.13671875,0.74609375,0.9853278498447547,4.33349609375,-0.3662109375,-0.79345703125
1003,-0.6171875,-0.1484375,0.72265625,0.9618659767486125,4.2724609375,-0.3662109375,-0.8544921875
1004,-0.62890625,-0.140625,0.734375,0.9770389462754606,4.33349609375,-0.3662109375,-0.9765625
1005,-0.6328125,-0.12890625,0.734375,0.9779443348526093,4.21142578125,-0.3662109375,-1.03759765625
1006,-0.625,-0.14453125,0.73828125,0.9780457485864988,4.150390625,-0.42724609375,-0.91552734375
1007,-0.6328125,-0.14453125,0.7421875,0.9859935230715577,4.08935546875,-0.48828125,-0.8544921875
1008,-0.6328125,-0.1484375,0.73828125,0.9836384273014462,4.0283203125,-0.48828125,-0.8544921875
1009,-0.62890625,-0.140625,0.734375,0.9770389462754606,4.0283203125,-0.42724609375,-0.91552734375
1010,-0.625,-0.140625,0.734375,0.9745291330945423,4.0283203125,-0.48828125,-0.91552734375
1011,-0.6484375,-0.14453125,0.71484375,0.9758903937158491,4.08935546875,-0.48828125,-0.91552734375
1012,-0.6171875,-0.15234375,0.734375,0.9713061664301903,4.21142578125,-0.48828125,-0.8544921875
1013,-0.62109375,-0.1484375,0.7421875,0.9790982702729908,4.33349609375,-0.6103515625,-0.91552734375
1014,-0.62109375,-0.1484375,0.73046875,0.9702451919086613,4.39453125,-0.6103515625,-0.9765625
1015,-0.62109375,-0.1328125,0.7421875,0.9768515197314086,4.39453125,-0.6103515625,-0.79345703125
